Wavelength (A),Sky (erg/s/cm^2/A/arcsec^2)
4805.63841,7.68E-18
4823.720748,7.54E-18
4841.797092,7.54E-18
4859.880813,7.37E-18
4877.95024,7.53E-18
4896.023357,7.61E-18
4914.101084,7.57E-18
4932.176966,7.59E-18
4950.25331,7.59E-18
4962.302823,7.62E-18
4971.318863,8.12E-18
4987.880268,8.32E-18
4999.356838,7.67E-18
5013.533424,7.29E-18
5031.609306,7.30E-18
5046.668777,7.40E-18
5058.7146,7.51E-18
5076.778034,7.81E-18
5094.8553,7.79E-18
5106.919106,7.49E-18
5115.960044,7.43E-18
5129.516841,7.44E-18
5140.049848,7.70E-18
5158.338554,7.77E-18
5168.678564,7.52E-18
5170.197836,7.23E-18
5186.741075,7.84E-18
5198.328779,8.59E-18
5215.348582,8.14E-18
5233.422159,8.21E-18
5252.579152,8.10E-18
5269.590984,7.84E-18
5287.656723,8.08E-18
5305.719696,8.39E-18
5323.795117,8.41E-18
5337.332548,8.86E-18
5341.507666,9.84E-18
5344.469486,1.10E-17
5346.238389,1.19E-17
5348.703806,1.29E-17
5353.631874,1.50E-17
5354.880674,1.41E-17
5363.260695,1.30E-17
5363.558094,1.20E-17
5371.883891,1.10E-17
5388.477388,1.05E-17
5404.050045,1.03E-17
5417.893021,1.15E-17
5435.143255,1.12E-17
5448.682531,1.16E-17
5451.651913,1.26E-17
5452.219877,1.34E-17
5457.444283,1.79E-17
5457.474945,1.72E-17
5457.508143,1.65E-17
5457.541341,1.57E-17
5457.574539,1.50E-17
5458.452812,2.24E-17
5458.48601,2.17E-17
5458.519209,2.09E-17
5458.540357,2.35E-17
5458.552407,2.02E-17
5458.585605,1.94E-17
5458.616589,1.87E-17
5459.109027,1.43E-17
5459.856906,3.17E-17
5459.937319,2.98E-17
5459.970517,2.91E-17
5460.003715,2.83E-17
5460.036913,2.76E-17
5460.070111,2.68E-17
5460.32787,3.07E-17
5460.415924,3.27E-17
5461.611331,2.60E-17
5461.644529,2.52E-17
5461.677727,2.45E-17
5469.251035,2.35E-17
5469.284233,2.28E-17
5469.317431,2.20E-17
5469.350629,2.12E-17
5469.417025,1.97E-17
5470.901255,2.02E-17
5470.970418,1.87E-17
5471.003616,1.79E-17
5471.036814,1.71E-17
5471.070012,1.64E-17
5471.10321,1.56E-17
5471.136408,1.49E-17
5471.169606,1.41E-17
5472.704555,1.34E-17
5472.737753,1.27E-17
5473.52736,1.19E-17
5483.351219,1.11E-17
5494.797733,1.02E-17
5509.022311,9.67E-18
5519.572531,9.54E-18
5535.544795,9.43E-18
5549.686246,9.85E-18
5557.9853,9.53E-18
5563.974092,1.04E-17
5567.840052,1.96E-17
5568.000325,1.13E-17
5568.883946,1.87E-17
5569.012128,1.57E-17
5569.045326,1.50E-17
5569.078524,1.42E-17
5569.111722,1.34E-17
5569.14492,1.27E-17
5569.171663,1.21E-17
5569.571146,1.67E-17
5570.936693,4.06E-17
5573.281998,3.00E-17
5573.662623,2.42E-17
5574.908011,5.31E-17
5574.941209,5.24E-17
5574.974407,5.16E-17
5575.506406,3.26E-17
5575.50854,5.42E-17
5575.539604,3.18E-17
5575.542463,3.86E-17
5575.571142,3.11E-17
5575.575661,3.79E-17
5575.608859,3.71E-17
5575.642057,3.63E-17
5575.675255,3.56E-17
5575.708453,3.48E-17
5575.741651,3.41E-17
5575.773466,3.33E-17
5575.975052,2.18E-17
5576.006314,2.80E-17
5576.039512,2.73E-17
5576.07271,2.65E-17
5576.105908,2.57E-17
5576.137031,2.50E-17
5576.180478,3.97E-17
5576.209652,2.34E-17
5576.239392,2.27E-17
5576.305788,2.12E-17
5576.320312,5.53E-17
5576.338294,2.04E-17
5576.466015,2.90E-17
5576.513967,5.09E-17
5576.547165,5.01E-17
5576.580363,4.93E-17
5576.613562,4.86E-17
5576.64676,4.78E-17
5576.679958,4.71E-17
5576.713156,4.63E-17
5576.746354,4.55E-17
5576.779552,4.48E-17
5576.81275,4.40E-17
5576.845948,4.33E-17
5576.879146,4.25E-17
5576.912344,4.17E-17
5576.945542,4.10E-17
5577.213201,1.76E-17
5584.949041,3.02E-17
5585.462228,1.85E-17
5585.921929,1.94E-17
5586.054721,1.64E-17
5586.542548,2.82E-17
5586.575746,2.74E-17
5586.608944,2.67E-17
5586.642142,2.59E-17
5586.67534,2.52E-17
5586.708538,2.44E-17
5586.741736,2.37E-17
5586.774934,2.29E-17
5586.808132,2.21E-17
5586.841331,2.14E-17
5586.874529,2.06E-17
5587.007321,1.76E-17
5587.106915,1.53E-17
5587.140113,1.45E-17
5587.173311,1.38E-17
5587.206509,1.30E-17
5587.239707,1.23E-17
5587.272905,1.15E-17
5587.305181,1.08E-17
5594.657893,9.94E-18
5612.956216,9.79E-18
5620.494942,9.63E-18
5637.065385,9.62E-18
5656.218163,9.61E-18
5669.524261,1.04E-17
5678.863587,1.14E-17
5686.66882,1.21E-17
5688.10233,1.37E-17
5689.644311,1.29E-17
5698.710494,1.23E-17
5699.961508,1.12E-17
5704.810638,1.06E-17
5712.355819,1.03E-17
5730.442307,1.00E-17
5748.515423,1.01E-17
5760.224286,1.10E-17
5764.316316,1.24E-17
5769.135199,1.39E-17
5769.320002,1.66E-17
5769.404841,1.47E-17
5769.663601,1.56E-17
5770.783483,1.76E-17
5770.967916,1.34E-17
5779.332675,1.15E-17
5782.678417,1.25E-17
5785.907966,1.62E-17
5787.329949,1.43E-17
5788.039097,1.34E-17
5791.004658,1.77E-17
5791.29097,1.56E-17
5791.910175,1.67E-17
5798.715777,1.27E-17
5799.537153,1.45E-17
5799.570351,1.38E-17
5804.181192,1.17E-17
5814.739098,1.14E-17
5831.289714,1.18E-17
5844.521354,1.24E-17
5850.514157,1.31E-17
5850.716112,1.54E-17
5851.452002,1.42E-17
5859.873244,1.27E-17
5861.347791,1.34E-17
5868.55343,1.40E-17
5868.757875,1.62E-17
5869.56385,1.50E-17
5870.392879,1.32E-17
5882.342798,1.56E-17
5882.375996,1.48E-17
5882.409194,1.40E-17
5882.434092,1.35E-17
5882.901078,1.66E-17
5887.931138,2.56E-17
5888.224387,1.88E-17
5888.257585,1.81E-17
5889.289492,1.75E-17
5889.361974,2.04E-17
5889.394619,1.96E-17
5890.299266,2.15E-17
5891.654546,2.46E-17
5892.391205,2.69E-17
5892.433625,2.59E-17
5892.538752,2.35E-17
5892.57195,2.28E-17
5892.599615,2.21E-17
5900.175689,2.11E-17
5900.208887,2.04E-17
5901.756746,1.94E-17
5901.789945,1.87E-17
5901.823143,1.79E-17
5901.856341,1.71E-17
5901.889539,1.64E-17
5903.42541,1.57E-17
5907.977233,1.50E-17
5917.673833,1.56E-17
5924.543065,1.50E-17
5933.507925,1.67E-17
5933.547486,1.58E-17
5943.627031,1.50E-17
5954.649279,1.55E-17
5959.511135,1.46E-17
5963.79516,1.31E-17
5966.346537,1.38E-17
5976.984934,1.46E-17
5982.596098,1.37E-17
5989.200239,1.28E-17
6005.127404,1.27E-17
6016.572238,1.18E-17
6034.862986,1.18E-17
6052.749824,1.13E-17
6064.799336,1.13E-17
6069.904092,1.17E-17
6076.811962,1.22E-17
6087.379089,1.16E-17
6092.137939,1.31E-17
6097.521005,1.40E-17
6103.316003,1.46E-17
6111.2982,1.58E-17
6112.831397,1.52E-17
6113.660518,1.69E-17
6114.154339,1.94E-17
6115.70349,1.84E-17
6116.482492,1.78E-17
6123.310918,1.67E-17
6123.344116,1.59E-17
6124.886442,1.51E-17
6125.683196,1.41E-17
6130.978978,1.36E-17
6139.347952,1.41E-17
6142.659854,1.52E-17
6142.834144,1.81E-17
6142.885324,1.69E-17
6142.928205,1.59E-17
6156.565345,1.41E-17
6160.600639,1.37E-17
6174.660017,1.37E-17
6174.693215,1.29E-17
6182.637234,1.21E-17
6200.687642,1.27E-17
6207.320914,1.31E-17
6220.508752,1.24E-17
6224.104655,1.28E-17
6225.875633,1.37E-17
6230.46734,1.20E-17
6231.780046,1.64E-17
6236.942345,1.55E-17
6237.136,1.45E-17
6237.633971,2.04E-17
6237.725819,1.83E-17
6237.759017,1.75E-17
6237.792215,1.67E-17
6238.349574,1.93E-17
6244.554107,1.37E-17
6251.454047,1.44E-17
6251.546725,1.22E-17
6252.015647,1.30E-17
6252.920018,1.53E-17
6258.900787,1.63E-17
6260.740858,1.73E-17
6261.741296,2.02E-17
6261.833144,1.81E-17
6262.456898,1.92E-17
6275.263972,1.41E-17
6275.52264,1.51E-17
6278.116239,1.32E-17
6278.492484,1.61E-17
6280.156075,1.25E-17
6281.469243,1.69E-17
6286.075474,1.49E-17
6286.108672,1.42E-17
6289.035634,1.61E-17
6292.603872,1.72E-17
6296.018293,6.31E-17
6297.618716,2.65E-17
6297.651914,2.58E-17
6297.685112,2.50E-17
6297.71831,2.43E-17
6297.751508,2.35E-17
6297.784706,2.27E-17
6297.817904,2.20E-17
6297.851102,2.12E-17
6297.8843,2.05E-17
6297.917499,1.97E-17
6297.949313,1.90E-17
6297.9862,1.81E-17
6298.219739,3.00E-17
6298.433847,2.76E-17
6299.117332,6.12E-17
6299.15053,6.04E-17
6299.183728,5.96E-17
6299.216926,5.89E-17
6299.250124,5.81E-17
6299.283322,5.74E-17
6299.286227,4.01E-17
6299.31652,5.66E-17
6299.349718,5.58E-17
6299.382916,5.51E-17
6299.416114,5.43E-17
6299.449312,5.36E-17
6299.48251,5.28E-17
6299.515708,5.20E-17
6299.548907,5.13E-17
6299.582105,5.05E-17
6299.648501,4.90E-17
6299.681699,4.82E-17
6299.714897,4.75E-17
6299.739857,6.22E-17
6299.748095,4.67E-17
6299.781293,4.60E-17
6299.814491,4.52E-17
6299.847689,4.45E-17
6299.880887,4.37E-17
6299.914085,4.29E-17
6300.418419,6.58E-17
6300.451617,6.51E-17
6300.484815,6.43E-17
6300.518013,6.36E-17
6301.018553,6.69E-17
6301.119728,4.98E-17
6301.753811,4.22E-17
6301.787009,4.14E-17
6301.886603,3.92E-17
6301.919801,3.84E-17
6301.952999,3.76E-17
6301.986197,3.69E-17
6302.015154,4.08E-17
6302.019396,3.61E-17
6302.052594,3.54E-17
6302.085792,3.46E-17
6302.11899,3.39E-17
6302.152188,3.31E-17
6302.185386,3.23E-17
6302.218584,3.16E-17
6303.110031,2.89E-17
6303.453275,3.09E-17
6309.076197,4.01E-17
6309.507771,3.02E-17
6309.540969,2.95E-17
6309.607365,2.80E-17
6309.640564,2.72E-17
6309.673762,2.64E-17
6309.70696,2.57E-17
6309.740158,2.49E-17
6310.03894,1.81E-17
6311.290784,2.39E-17
6311.323982,2.31E-17
6311.35718,2.24E-17
6311.390378,2.16E-17
6311.423576,2.09E-17
6311.456774,2.01E-17
6311.489972,1.94E-17
6311.52317,1.86E-17
6311.884752,1.72E-17
6317.063788,1.25E-17
6317.383458,1.55E-17
6317.416656,1.47E-17
6317.748729,1.40E-17
6317.779621,1.33E-17
6318.649687,1.64E-17
6332.667568,1.73E-17
6332.700766,1.66E-17
6333.267307,1.84E-17
6333.707497,1.42E-17
6334.242539,1.58E-17
6334.274078,1.50E-17
6340.971786,1.34E-17
6343.457399,1.17E-17
6345.430839,1.25E-17
6357.696139,1.34E-17
6360.211722,1.44E-17
6362.406114,1.93E-17
6362.439312,1.86E-17
6362.47251,1.78E-17
6362.505708,1.70E-17
6362.538906,1.63E-17
6362.572104,1.55E-17
6362.641728,2.08E-17
6362.674004,2.01E-17
6362.899935,1.49E-17
6363.279826,2.19E-17
6363.874436,2.71E-17
6363.919392,2.61E-17
6363.95259,2.53E-17
6363.985788,2.45E-17
6364.018986,2.38E-17
6364.052184,2.30E-17
6369.94816,1.22E-17
6370.509207,1.32E-17
6372.484492,1.39E-17
6373.239747,1.96E-17
6373.272945,1.88E-17
6373.306144,1.81E-17
6373.339342,1.73E-17
6373.37254,1.66E-17
6373.405738,1.58E-17
6373.438936,1.50E-17
6375.10368,1.14E-17
6379.386922,1.68E-17
6381.395404,1.22E-17
6383.992691,1.48E-17
6384.023584,1.41E-17
6384.059549,1.33E-17
6384.08583,1.27E-17
6384.630455,1.59E-17
6385.351506,1.82E-17
6385.39577,1.72E-17
6397.540727,1.50E-17
6398.28879,1.17E-17
6402.146497,1.31E-17
6402.677205,1.24E-17
6402.783757,1.42E-17
6403.537127,1.57E-17
6412.173326,1.11E-17
6412.692875,1.30E-17
6412.726074,1.23E-17
6421.820129,1.10E-17
6432.400996,1.02E-17
6448.963416,1.03E-17
6458.565955,1.12E-17
6460.925968,1.24E-17
6464.90743,1.32E-17
6468.264123,1.68E-17
6468.289944,1.62E-17
6468.679744,1.42E-17
6469.01766,1.52E-17
6473.759324,1.17E-17
6482.011347,1.24E-17
6484.23262,1.33E-17
6487.506917,1.08E-17
6490.148561,1.01E-17
6492.579858,1.19E-17
6494.047489,1.28E-17
6495.478694,1.45E-17
6495.531718,1.33E-17
6496.875779,1.70E-17
6496.908977,1.62E-17
6496.942175,1.55E-17
6498.256726,1.99E-17
6498.289924,1.91E-17
6498.333727,1.81E-17
6499.72989,2.06E-17
6504.226844,2.11E-17
6505.062328,1.92E-17
6505.77747,2.01E-17
6508.858434,1.86E-17
6508.89071,1.78E-17
6511.329845,1.37E-17
6511.979974,1.61E-17
6512.013172,1.53E-17
6512.04637,1.45E-17
6512.695807,1.69E-17
6513.624661,1.29E-17
6517.430681,1.20E-17
6517.609258,1.13E-17
6525.700456,1.23E-17
6533.034737,1.68E-17
6533.658,1.79E-17
6534.445378,1.90E-17
6534.572637,1.61E-17
6534.605835,1.54E-17
6534.636267,1.47E-17
6534.670848,1.39E-17
6534.703355,1.31E-17
6546.463906,1.29E-17
6548.237789,1.37E-17
6553.46925,1.46E-17
6554.093558,1.75E-17
6555.391971,1.54E-17
6555.649532,1.64E-17
6571.409205,1.43E-17
6572.731387,1.33E-17
6578.79522,1.53E-17
6584.362811,1.43E-17
6584.448573,1.23E-17
6585.505378,1.11E-17
6585.902371,1.35E-17
6592.042629,1.09E-17
6596.519941,1.19E-17
6600.520123,1.22E-17
6600.855331,1.61E-17
6601.576836,1.33E-17
6602.431409,1.45E-17
6602.895167,1.53E-17
6611.516058,1.34E-17
6611.549256,1.26E-17
6611.607353,1.13E-17
6614.165448,1.02E-17
6614.686473,9.80E-18
6626.705093,1.05E-17
6634.857456,1.11E-17
6646.093419,1.01E-17
6664.358148,1.07E-17
6676.378151,1.14E-17
6678.841263,1.25E-17
6679.374276,1.18E-17
6679.864936,1.53E-17
6680.048612,1.36E-17
6680.758912,1.45E-17
6689.902211,1.21E-17
6693.00623,1.01E-17
6694.07737,1.06E-17
6708.507419,1.15E-17
6718.429028,1.43E-17
6718.479102,1.31E-17
6719.270737,1.23E-17
6727.602758,1.12E-17
6736.674589,1.04E-17
6754.763382,1.01E-17
6772.845259,1.00E-17
6790.917453,1.01E-17
6808.993336,1.01E-17
6820.520901,1.06E-17
6822.358783,1.45E-17
6822.391981,1.37E-17
6822.425179,1.30E-17
6822.458377,1.22E-17
6822.490653,1.15E-17
6823.816731,1.56E-17
6825.281134,1.66E-17
6828.173515,1.93E-17
6828.206713,1.86E-17
6828.239911,1.78E-17
6828.270343,1.71E-17
6829.852191,2.03E-17
6830.841809,2.72E-17
6832.217454,3.02E-17
6832.255493,2.93E-17
6832.288692,2.86E-17
6832.32189,2.78E-17
6832.397968,2.61E-17
6832.443155,2.50E-17
6832.476353,2.43E-17
6832.509551,2.35E-17
6832.542749,2.27E-17
6832.575947,2.20E-17
6832.609145,2.12E-17
6846.198679,2.05E-17
6846.231877,1.97E-17
6846.265075,1.90E-17
6846.298273,1.82E-17
6846.331471,1.75E-17
6846.364669,1.67E-17
6846.397867,1.59E-17
6846.431065,1.52E-17
6846.464263,1.44E-17
6846.49677,1.37E-17
6850.897741,1.25E-17
6853.29292,1.14E-17
6862.161413,2.29E-17
6862.43087,2.13E-17
6863.826849,2.21E-17
6863.880334,2.95E-17
6863.904311,2.90E-17
6863.943042,2.81E-17
6863.978453,2.73E-17
6864.011651,2.65E-17
6864.044849,2.58E-17
6864.078047,2.50E-17
6864.111245,2.42E-17
6864.144444,2.35E-17
6865.051304,3.03E-17
6866.113642,1.98E-17
6866.14684,1.90E-17
6866.180038,1.83E-17
6866.213236,1.75E-17
6866.246434,1.67E-17
6866.279079,1.60E-17
6867.280369,2.07E-17
6867.521793,1.51E-17
6867.553331,1.44E-17
6867.586529,1.37E-17
6875.206867,1.16E-17
6878.860791,1.26E-17
6884.916608,1.35E-17
6885.643507,1.41E-17
6902.236774,1.36E-17
6910.473581,1.47E-17
6913.44135,1.57E-17
6915.659165,1.67E-17
6918.631313,1.76E-17
6921.450382,2.20E-17
6921.613606,1.83E-17
6923.782545,2.03E-17
6923.979521,1.93E-17
6924.933016,2.11E-17
6925.041305,2.26E-17
6939.722594,1.75E-17
6941.50201,1.82E-17
6943.771466,1.68E-17
6943.953134,1.92E-17
6949.385858,2.05E-17
6949.788799,2.16E-17
6953.202943,1.93E-17
6953.236141,1.85E-17
6953.269339,1.78E-17
6954.866304,1.57E-17
6958.098274,1.07E-17
6960.089466,1.68E-17
6961.023023,1.27E-17
6961.056221,1.19E-17
6961.590064,1.12E-17
6962.240522,1.44E-17
6963.50218,1.34E-17
6977.436974,1.63E-17
6977.481791,1.52E-17
6978.858127,1.82E-17
6979.899255,1.74E-17
6981.039978,1.42E-17
6985.091985,1.34E-17
6985.114578,1.29E-17
6991.177374,1.21E-17
6991.645704,1.12E-17
6992.746674,1.06E-17
7010.272253,1.17E-17
7010.425333,1.28E-17
7012.202812,1.35E-17
7022.844174,1.13E-17
7024.259241,1.34E-17
7024.910477,1.23E-17
7025.746238,1.38E-17
7027.122574,1.68E-17
7027.155772,1.61E-17
7027.18897,1.53E-17
7027.218479,1.46E-17
7029.709256,2.66E-17
7031.128127,2.00E-17
7031.973295,1.78E-17
7034.078674,2.31E-17
7034.107999,2.93E-17
7034.111872,2.23E-17
7034.141197,2.86E-17
7034.14507,2.16E-17
7034.313182,2.46E-17
7034.34638,2.39E-17
7034.707935,3.04E-17
7034.950777,2.57E-17
7035.317653,1.89E-17
7035.682694,2.78E-17
7035.715892,2.70E-17
7035.981845,2.09E-17
7044.063728,1.98E-17
7044.163323,1.75E-17
7044.520432,1.51E-17
7044.922267,2.31E-17
7044.955465,2.24E-17
7044.988663,2.16E-17
7045.021861,2.09E-17
7045.121456,1.86E-17
7045.204451,1.67E-17
7045.237649,1.59E-17
7048.315847,1.44E-17
7048.340745,1.39E-17
7052.14492,1.30E-17
7057.460068,1.20E-17
7061.094149,1.16E-17
7080.065642,1.18E-17
7092.87479,1.17E-17
7099.699462,1.06E-17
7114.166781,1.05E-17
7131.311458,1.11E-17
7148.213113,1.12E-17
7167.476134,1.08E-17
7181.033392,1.08E-17
7184.075625,1.02E-17
7193.15541,9.21E-18
7210.786099,9.56E-18
7218.709963,1.04E-17
7230.421962,1.13E-17
7230.688929,1.21E-17
7232.068954,1.50E-17
7232.102152,1.42E-17
7232.13535,1.34E-17
7232.168548,1.27E-17
7232.626866,1.60E-17
7233.413937,1.87E-17
7233.447135,1.79E-17
7233.480333,1.71E-17
7234.758919,2.23E-17
7234.792117,2.16E-17
7234.825315,2.08E-17
7234.858514,2.01E-17
7234.888023,1.94E-17
7235.317569,2.33E-17
7235.87336,3.13E-17
7235.925001,3.01E-17
7235.972954,2.90E-17
7236.006152,2.83E-17
7236.03935,2.75E-17
7236.072548,2.68E-17
7236.105746,2.60E-17
7236.138944,2.52E-17
7236.172142,2.45E-17
7239.255412,5.73E-17
7240.03695,3.94E-17
7240.070148,3.87E-17
7240.103346,3.79E-17
7240.136544,3.72E-17
7240.169742,3.64E-17
7240.20294,3.56E-17
7240.236138,3.49E-17
7240.269336,3.41E-17
7240.302534,3.34E-17
7240.335041,3.26E-17
7240.365472,3.19E-17
7241.075772,4.32E-17
7241.108971,4.25E-17
7241.142169,4.17E-17
7241.175367,4.10E-17
7241.511036,4.02E-17
7241.930346,4.44E-17
7242.354451,5.53E-17
7242.387649,5.46E-17
7242.420847,5.38E-17
7242.454045,5.31E-17
7242.976976,5.64E-17
7243.711791,5.87E-17
7243.755133,5.78E-17
7243.994896,5.23E-17
7244.028094,5.15E-17
7244.061292,5.08E-17
7244.094491,5.00E-17
7244.127689,4.92E-17
7244.160887,4.85E-17
7244.194085,4.77E-17
7244.227283,4.70E-17
7244.260481,4.62E-17
7244.293679,4.54E-17
7251.865142,4.45E-17
7251.89834,4.38E-17
7251.931538,4.30E-17
7251.964736,4.23E-17
7251.997934,4.15E-17
7252.031132,4.07E-17
7253.577055,3.98E-17
7253.609423,3.91E-17
7253.642622,3.83E-17
7253.67582,3.76E-17
7253.709018,3.68E-17
7253.742216,3.61E-17
7253.775414,3.53E-17
7253.808612,3.45E-17
7253.84181,3.38E-17
7253.875008,3.30E-17
7253.908206,3.23E-17
7254.30188,3.01E-17
7255.445922,3.15E-17
7257.623346,2.31E-17
7258.593282,2.85E-17
7258.62648,2.77E-17
7258.659678,2.69E-17
7258.692876,2.62E-17
7258.726074,2.54E-17
7258.759273,2.47E-17
7258.792471,2.39E-17
7259.491474,3.09E-17
7260.362186,2.93E-17
7262.056024,1.82E-17
7263.159675,2.05E-17
7263.192873,1.97E-17
7263.226072,1.90E-17
7263.4236,2.13E-17
7263.883762,2.23E-17
7264.2826,1.32E-17
7265.153219,1.62E-17
7265.186417,1.55E-17
7265.219615,1.47E-17
7265.252813,1.40E-17
7265.315889,1.25E-17
7266.238865,1.72E-17
7276.190467,3.94E-17
7276.780901,4.12E-17
7276.848527,2.44E-17
7277.368169,4.69E-17
7277.435948,4.54E-17
7277.469146,4.46E-17
7277.492938,3.72E-17
7277.502344,4.39E-17
7277.526136,3.64E-17
7277.535542,4.31E-17
7277.559334,3.57E-17
7277.56874,4.23E-17
7277.664646,4.02E-17
7277.728736,3.87E-17
7277.761934,3.79E-17
7277.892421,3.49E-17
7277.925619,3.42E-17
7277.958817,3.34E-17
7277.992015,3.27E-17
7278.025213,3.19E-17
7278.058412,3.12E-17
7278.090226,3.04E-17
7278.127298,2.96E-17
7278.160772,2.88E-17
7278.19397,2.81E-17
7278.227168,2.73E-17
7278.260366,2.65E-17
7278.293564,2.58E-17
7278.300757,4.63E-17
7278.326071,2.50E-17
7278.386242,2.37E-17
7288.287564,2.11E-17
7288.477069,3.40E-17
7288.510268,3.33E-17
7288.543466,3.25E-17
7288.576664,3.18E-17
7288.609862,3.10E-17
7288.64306,3.02E-17
7288.673491,2.95E-17
7288.709456,2.87E-17
7288.742654,2.80E-17
7288.775852,2.72E-17
7288.80905,2.64E-17
7288.842248,2.57E-17
7288.875446,2.49E-17
7289.00455,2.20E-17
7289.562093,2.30E-17
7290.415006,2.42E-17
7292.846073,2.02E-17
7295.243019,1.71E-17
7295.575921,1.93E-17
7296.720563,1.78E-17
7300.769442,1.87E-17
7308.590944,2.19E-17
7308.624142,2.11E-17
7308.65734,2.04E-17
7308.690538,1.96E-17
7310.003245,2.40E-17
7310.036443,2.33E-17
7310.067797,2.26E-17
7312.847904,2.79E-17
7312.881793,2.71E-17
7312.914992,2.63E-17
7312.94819,2.56E-17
7312.980004,2.49E-17
7313.985352,2.94E-17
7314.017997,2.87E-17
7314.195883,3.15E-17
7314.926115,3.05E-17
7315.639169,3.29E-17
7315.672367,3.22E-17
7316.063551,3.70E-17
7316.262309,3.40E-17
7317.016335,3.59E-17
7317.049533,3.51E-17
7327.940526,2.72E-17
7329.579035,2.42E-17
7329.612233,2.34E-17
7329.865961,2.26E-17
7330.926322,2.78E-17
7331.022597,2.56E-17
7331.053582,2.49E-17
7331.644922,2.86E-17
7331.990781,2.65E-17
7332.860386,2.95E-17
7337.93222,3.30E-17
7337.965418,3.22E-17
7337.998616,3.14E-17
7338.031814,3.07E-17
7338.87097,3.40E-17
7339.477589,3.90E-17
7339.545092,3.74E-17
7339.57829,3.67E-17
7339.611488,3.59E-17
7339.644686,3.51E-17
7339.870433,3.00E-17
7340.098824,4.01E-17
7340.51134,3.83E-17
7340.851159,4.20E-17
7340.885741,4.12E-17
7345.221546,2.82E-17
7345.936457,2.91E-17
7348.748148,3.36E-17
7348.781346,3.29E-17
7348.814544,3.21E-17
7351.434977,2.73E-17
7352.072795,2.65E-17
7352.107376,2.57E-17
7352.141266,2.50E-17
7352.43221,1.83E-17
7353.377617,2.42E-17
7353.410815,2.35E-17
7353.444013,2.27E-17
7354.678428,2.20E-17
7354.815093,1.89E-17
7354.922065,3.03E-17
7355.346816,2.05E-17
7355.378907,1.98E-17
7356.390618,3.11E-17
7356.816199,2.14E-17
7357.962454,2.96E-17
7368.580761,2.79E-17
7369.040769,2.89E-17
7369.59653,2.54E-17
7369.927588,3.16E-17
7369.960786,3.08E-17
7370.16643,2.61E-17
7370.836477,2.46E-17
7371.130096,2.70E-17
7371.504035,3.00E-17
7373.280131,2.38E-17
7373.313329,2.31E-17
7373.346527,2.23E-17
7375.680766,2.06E-17
7376.395677,2.15E-17
7382.499509,1.97E-17
7382.532707,1.89E-17
7382.565905,1.81E-17
7382.599103,1.74E-17
7382.825957,1.22E-17
7383.16347,1.43E-17
7383.835731,1.67E-17
7384.172783,1.59E-17
7384.205982,1.51E-17
7384.271455,1.36E-17
7385.212344,1.27E-17
7400.449147,2.26E-17
7400.838671,2.35E-17
7401.474967,1.63E-17
7401.778492,2.17E-17
7401.865505,2.46E-17
7402.094664,1.94E-17
7402.126479,1.87E-17
7402.327604,2.09E-17
7402.360802,2.02E-17
7403.665117,1.79E-17
7403.698315,1.72E-17
7411.299518,1.56E-17
7412.695911,1.81E-17
7412.729109,1.73E-17
7412.762307,1.66E-17
7412.848069,1.46E-17
7412.887722,1.37E-17
7414.732612,1.28E-17
7420.538261,1.10E-17
7420.635026,1.19E-17
7429.484447,1.31E-17
7430.956689,1.39E-17
7431.516445,1.48E-17
7438.048163,1.70E-17
7438.254268,1.92E-17
7438.381527,1.63E-17
7438.986763,1.81E-17
7439.694234,2.07E-17
7439.732965,1.99E-17
7439.916476,1.57E-17
7451.50306,1.48E-17
7452.050828,1.38E-17
7455.137418,1.21E-17
7456.449571,1.65E-17
7456.482769,1.57E-17
7457.780414,1.29E-17
7458.920521,1.74E-17
7465.599787,1.39E-17
7466.066404,1.48E-17
7466.985806,1.67E-17
7467.019004,1.59E-17
7468.428538,1.81E-17
7468.972156,1.72E-17
7469.902624,1.89E-17
7471.364261,1.99E-17
7477.927444,2.14E-17
7480.255347,2.33E-17
7480.291312,2.25E-17
7486.712978,2.03E-17
7487.213799,1.92E-17
7487.864619,2.15E-17
7489.503773,1.85E-17
7490.3358,1.67E-17
7491.052555,1.75E-17
7492.629924,1.59E-17
7494.166718,1.52E-17
7494.199916,1.44E-17
7494.223431,1.39E-17
7496.517555,1.31E-17
7503.334915,1.22E-17
7509.432292,1.06E-17
7511.40481,1.14E-17
7515.371978,1.25E-17
7516.787046,1.46E-17
7516.820244,1.38E-17
7516.853442,1.31E-17
7518.017679,2.09E-17
7518.050878,2.02E-17
7518.084076,1.94E-17
7518.165226,1.75E-17
7518.198424,1.68E-17
7518.231623,1.60E-17
7518.261132,1.53E-17
7518.879215,1.84E-17
7520.9949,2.17E-17
7522.243582,2.27E-17
7523.938,2.33E-17
7525.079645,2.48E-17
7525.112843,2.40E-17
7525.183389,2.93E-17
7525.347073,2.55E-17
7525.749534,3.11E-17
7525.986052,2.66E-17
7526.656552,3.00E-17
7526.724608,2.85E-17
7526.757807,2.77E-17
7535.023386,2.24E-17
7535.874547,2.59E-17
7535.907745,2.52E-17
7535.940943,2.44E-17
7535.974141,2.37E-17
7536.071891,2.14E-17
7536.105089,2.07E-17
7536.138287,1.99E-17
7536.171485,1.91E-17
7536.203577,1.84E-17
7536.236037,1.77E-17
7537.779286,1.68E-17
7537.812484,1.61E-17
7538.605779,1.51E-17
7540.891604,1.45E-17
7546.660044,1.35E-17
7546.995436,1.28E-17
7548.531861,1.21E-17
7562.013178,1.38E-17
7563.46859,1.50E-17
7564.938066,1.58E-17
7569.372497,1.77E-17
7569.42672,1.65E-17
7570.539408,1.86E-17
7570.761559,2.04E-17
7570.906524,1.71E-17
7571.177226,1.95E-17
7572.176626,2.25E-17
7572.982371,2.13E-17
7581.358656,1.92E-17
7582.906516,1.83E-17
7582.939714,1.75E-17
7582.970145,1.68E-17
7583.800097,1.51E-17
7584.517083,1.59E-17
7586.857777,1.40E-17
7591.266617,1.31E-17
7598.536439,1.22E-17
7599.78358,1.13E-17
7604.650969,1.02E-17
7607.936931,8.52E-18
7610.78265,7.75E-18
7611.418116,9.29E-18
7624.435445,1.02E-17
7626.601249,1.12E-17
7628.370337,1.20E-17
7635.969465,1.05E-17
7636.616274,9.48E-18
7643.628534,7.59E-18
7646.472627,8.31E-18
7654.831496,9.75E-18
7661.078265,1.04E-17
7662.144199,1.13E-17
7664.518414,1.21E-17
7673.622982,1.06E-17
7679.469595,9.79E-18
7679.712059,9.17E-18
7690.212329,1.02E-17
7696.199836,1.10E-17
7705.057395,1.52E-17
7705.090593,1.44E-17
7705.123791,1.37E-17
7705.156989,1.29E-17
7705.190187,1.21E-17
7705.215086,1.16E-17
7706.515343,1.63E-17
7707.776869,2.19E-17
7707.810068,2.11E-17
7707.843266,2.04E-17
7707.876464,1.96E-17
7707.909662,1.88E-17
7707.94286,1.81E-17
7707.976058,1.73E-17
7708.334044,2.29E-17
7709.186404,2.41E-17
7713.446822,3.00E-17
7713.48002,2.93E-17
7713.513218,2.85E-17
7713.544341,2.78E-17
7713.579153,2.70E-17
7713.612351,2.62E-17
7713.645549,2.55E-17
7713.674136,2.48E-17
7714.261557,3.11E-17
7716.031567,3.98E-17
7716.064765,3.90E-17
7716.097963,3.83E-17
7716.131161,3.75E-17
7716.653969,4.09E-17
7717.671275,3.67E-17
7717.703551,3.60E-17
7717.804067,3.37E-17
7717.837265,3.30E-17
7717.870463,3.22E-17
7718.039496,3.52E-17
7718.071588,3.45E-17
7725.438238,3.14E-17
7725.471436,3.06E-17
7727.010996,2.99E-17
7727.044194,2.91E-17
7727.077392,2.83E-17
7727.11059,2.76E-17
7727.143788,2.68E-17
7727.176986,2.61E-17
7727.210184,2.53E-17
7728.753433,2.45E-17
7728.786631,2.37E-17
7730.801937,1.89E-17
7731.838547,2.28E-17
7731.871745,2.20E-17
7731.904943,2.13E-17
7731.938141,2.05E-17
7731.971339,1.98E-17
7735.157431,1.58E-17
7736.294557,1.74E-17
7736.327755,1.66E-17
7737.563368,1.82E-17
7738.271501,1.35E-17
7738.912777,1.26E-17
7740.604495,1.18E-17
7740.782065,1.51E-17
7740.823167,1.42E-17
7745.458051,2.14E-17
7745.491249,2.06E-17
7745.524447,1.99E-17
7745.557645,1.91E-17
7747.141469,1.73E-17
7747.174667,1.66E-17
7749.712936,2.74E-17
7749.746134,2.67E-17
7749.777257,2.59E-17
7749.809302,2.52E-17
7749.8425,2.45E-17
7749.875699,2.37E-17
7749.908897,2.29E-17
7749.942095,2.22E-17
7750.528067,2.85E-17
7751.273706,3.00E-17
7752.370164,3.55E-17
7752.43988,3.40E-17
7752.473078,3.32E-17
7752.569352,3.10E-17
7753.407603,3.48E-17
7754.012085,3.24E-17
7754.550631,3.16E-17
7754.633165,1.82E-17
7763.159533,2.99E-17
7763.191348,2.92E-17
7763.224546,2.85E-17
7763.257744,2.77E-17
7763.290942,2.69E-17
7763.32414,2.62E-17
7763.357339,2.54E-17
7763.390537,2.47E-17
7763.423735,2.39E-17
7763.456933,2.31E-17
7763.490131,2.24E-17
7765.031535,2.16E-17
7765.064733,2.08E-17
7765.097931,2.01E-17
7765.131129,1.93E-17
7765.164327,1.86E-17
7768.259585,1.67E-17
7768.826442,1.75E-17
7776.326868,1.59E-17
7778.563987,1.53E-17
7786.223886,1.92E-17
7786.257084,1.85E-17
7786.290282,1.77E-17
7786.32348,1.69E-17
7787.682295,2.03E-17
7788.380838,1.58E-17
7789.144393,2.13E-17
7792.125533,2.21E-17
7793.297839,2.28E-17
7793.488728,2.53E-17
7793.783163,2.35E-17
7793.902666,2.45E-17
7794.08985,2.63E-17
7794.902412,2.74E-17
7810.320144,1.94E-17
7810.353343,1.86E-17
7811.629808,1.70E-17
7811.725068,2.17E-17
7811.758266,2.09E-17
7811.897052,1.77E-17
7812.868886,2.01E-17
7813.18901,2.26E-17
7820.581573,2.58E-17
7820.614771,2.51E-17
7820.679323,2.36E-17
7820.866062,2.42E-17
7821.040966,2.68E-17
7821.910071,2.99E-17
7821.956065,2.88E-17
7821.989263,2.81E-17
7822.016928,2.74E-17
7830.055838,2.27E-17
7831.302241,2.18E-17
7833.240639,1.88E-17
7834.344474,2.11E-17
7834.377672,2.04E-17
7834.41087,1.96E-17
7837.545781,1.68E-17
7838.750133,2.37E-17
7839.62066,1.53E-17
7840.591242,1.61E-17
7840.647495,1.48E-17
7841.014057,1.79E-17
7841.219239,2.47E-17
7847.829803,2.28E-17
7847.863001,2.20E-17
7847.896199,2.12E-17
7847.929397,2.05E-17
7847.962595,1.97E-17
7848.507135,1.88E-17
7849.04476,2.94E-17
7849.077958,2.87E-17
7849.111156,2.79E-17
7849.144354,2.72E-17
7849.177552,2.64E-17
7849.21075,2.56E-17
7849.269769,2.43E-17
7849.302967,2.35E-17
7850.519537,3.02E-17
7850.747082,2.50E-17
7850.776407,3.12E-17
7854.719783,3.74E-17
7854.752982,3.67E-17
7854.94802,3.22E-17
7856.295308,3.59E-17
7856.383375,3.38E-17
7856.48343,3.16E-17
7856.643611,3.48E-17
7856.920999,3.30E-17
7866.920071,3.40E-17
7866.953269,3.33E-17
7867.673113,3.06E-17
7868.112434,2.97E-17
7868.495595,3.24E-17
7868.528793,3.17E-17
7870.764959,2.88E-17
7872.544375,2.60E-17
7873.227702,2.76E-17
7873.2609,2.68E-17
7877.856757,2.51E-17
7878.650744,2.41E-17
7881.703582,2.32E-17
7887.306999,2.25E-17
7891.576547,2.13E-17
7897.697439,1.92E-17
7897.735248,1.83E-17
7898.856605,2.02E-17
7902.340095,1.63E-17
7902.373294,1.56E-17
7902.428163,1.43E-17
7902.461361,1.36E-17
7902.494559,1.28E-17
7903.134236,1.73E-17
7903.903401,1.50E-17
7904.031813,1.21E-17
7908.084282,2.28E-17
7908.11748,2.20E-17
7908.150678,2.12E-17
7909.223621,3.12E-17
7909.290017,2.96E-17
7909.323215,2.89E-17
7909.356413,2.81E-17
7909.389611,2.74E-17
7909.422809,2.66E-17
7909.456007,2.58E-17
7909.489206,2.51E-17
7909.522404,2.43E-17
7909.552835,2.36E-17
7909.701304,2.02E-17
7909.734502,1.95E-17
7909.7677,1.87E-17
7912.878359,3.03E-17
7913.321968,3.22E-17
7914.858415,4.01E-17
7916.309931,3.45E-17
7916.343129,3.37E-17
7916.511056,3.67E-17
7916.544254,3.60E-17
7916.795018,3.52E-17
7917.148233,3.78E-17
7917.428844,3.30E-17
7917.919484,3.90E-17
7926.266214,3.18E-17
7927.058357,3.67E-17
7927.091555,3.59E-17
7927.124753,3.52E-17
7927.157951,3.44E-17
7927.191149,3.36E-17
7927.224347,3.29E-17
7927.309186,3.09E-17
7927.342385,3.02E-17
7927.375583,2.94E-17
7927.408781,2.87E-17
7927.441979,2.79E-17
7927.466416,2.74E-17
7929.004593,2.66E-17
7929.037791,2.59E-17
7929.864976,2.42E-17
7930.581962,2.50E-17
7932.161175,2.33E-17
7932.194373,2.26E-17
7933.740388,2.17E-17
7933.773587,2.09E-17
7933.806785,2.02E-17
7933.839983,1.94E-17
7933.873181,1.86E-17
7933.906379,1.79E-17
7933.939577,1.71E-17
7936.27981,1.53E-17
7937.744674,1.62E-17
7943.852771,1.43E-17
7949.589169,1.36E-17
7957.923331,1.98E-17
7957.956529,1.91E-17
7957.989727,1.83E-17
7958.022925,1.75E-17
7958.056123,1.68E-17
7958.089321,1.60E-17
7958.122519,1.53E-17
7958.154795,1.45E-17
7958.206437,1.33E-17
7959.38174,2.09E-17
7960.707357,2.50E-17
7960.81064,2.27E-17
7960.843838,2.19E-17
7964.391789,2.35E-17
7965.205694,2.55E-17
7965.761762,2.43E-17
7965.805631,2.66E-17
7983.383016,2.32E-17
7983.416214,2.25E-17
7983.449412,2.17E-17
7983.48261,2.09E-17
7983.515808,2.02E-17
7983.586354,1.86E-17
7983.619552,1.78E-17
7983.657822,1.69E-17
7985.220321,2.43E-17
7986.064681,1.93E-17
7987.738878,2.69E-17
7992.846636,2.82E-17
7992.984423,2.60E-17
7993.659199,2.93E-17
7993.74994,2.73E-17
7993.848704,2.50E-17
7998.713603,2.40E-17
7999.212266,2.29E-17
8001.50639,2.21E-17
8001.539588,2.14E-17
8003.079148,2.06E-17
8003.112346,1.99E-17
8009.170992,1.91E-17
8009.206957,1.83E-17
8009.240155,1.75E-17
8009.310701,1.59E-17
8010.480102,1.67E-17
8013.860679,1.52E-17
8014.831261,1.37E-17
8014.972353,1.44E-17
8021.122294,2.14E-17
8025.714231,1.97E-17
8026.174239,2.07E-17
8026.250604,2.22E-17
8027.254252,1.89E-17
8029.095915,1.82E-17
8029.127453,1.74E-17
8030.363343,1.67E-17
8030.396541,1.60E-17
8035.705925,1.51E-17
8038.807869,1.31E-17
8039.397826,1.68E-17
8039.431024,1.61E-17
8040.117671,1.41E-17
8045.731278,9.78E-18
8046.13387,1.04E-17
8046.876242,1.12E-17
8047.886155,1.22E-17
8062.097,1.44E-17
8062.14735,1.33E-17
8064.508009,1.10E-17
8067.1518,1.20E-17
8075.788433,1.14E-17
8078.355289,1.01E-17
8082.919868,9.05E-18
8101.849602,9.63E-18
8102.952746,1.02E-17
8113.044956,9.10E-18
8118.10351,8.25E-18
8128.685392,7.40E-18
8147.825457,7.68E-18
8162.853573,6.85E-18
8178.425216,6.71E-18
8187.430743,7.46E-18
8200.968174,7.91E-18
8216.059229,7.28E-18
8231.15351,6.58E-18
8249.21971,6.82E-18
8267.288216,6.99E-18
8271.766265,7.93E-18
8275.488598,8.93E-18
8275.895274,9.96E-18
8277.541344,1.37E-17
8277.629873,1.16E-17
8277.659382,1.10E-17
8279.087821,1.27E-17
8280.504271,1.48E-17
8280.537469,1.40E-17
8281.063659,1.58E-17
8283.397113,1.75E-17
8283.429389,1.68E-17
8283.954656,1.86E-17
8286.302866,2.00E-17
8291.739509,2.20E-17
8292.123592,2.47E-17
8294.093897,2.09E-17
8296.721063,2.29E-17
8297.226608,2.61E-17
8297.884286,2.38E-17
8298.132441,2.50E-17
8305.838541,2.11E-17
8306.299164,2.20E-17
8307.380868,2.02E-17
8307.413143,1.95E-17
8310.464598,1.86E-17
8312.005081,1.78E-17
8312.896587,1.47E-17
8313.544641,1.71E-17
8313.577839,1.63E-17
8313.611037,1.56E-17
8316.693846,1.40E-17
8316.727044,1.32E-17
8316.760242,1.24E-17
8319.0901,1.08E-17
8319.806164,1.17E-17
8326.90686,1.01E-17
8330.31212,8.73E-18
8333.034669,7.71E-18
8337.609546,1.79E-17
8337.642744,1.72E-17
8337.675942,1.64E-17
8337.70914,1.56E-17
8337.742338,1.49E-17
8337.775536,1.41E-17
8337.808734,1.34E-17
8337.841932,1.26E-17
8337.87513,1.18E-17
8337.908328,1.11E-17
8339.067494,1.90E-17
8339.454343,1.02E-17
8339.487542,9.42E-18
8340.362218,2.39E-17
8340.395416,2.31E-17
8340.428614,2.23E-17
8340.461812,2.16E-17
8340.49501,2.08E-17
8340.528208,2.01E-17
8340.919761,2.49E-17
8341.024335,8.72E-18
8346.085195,3.08E-17
8346.24473,2.71E-17
8346.277928,2.64E-17
8347.139725,2.96E-17
8347.312601,2.57E-17
8347.380657,2.87E-17
8347.413302,2.80E-17
8358.215397,2.90E-17
8358.248595,2.82E-17
8358.281793,2.74E-17
8359.835186,2.64E-17
8359.868384,2.56E-17
8359.901582,2.49E-17
8360.825595,2.09E-17
8361.443909,2.40E-17
8361.477107,2.33E-17
8361.510305,2.25E-17
8361.543503,2.18E-17
8363.964886,1.81E-17
8364.683486,1.88E-17
8365.242873,1.98E-17
8367.104869,1.51E-17
8367.821625,1.60E-17
8368.380643,1.70E-17
8369.913103,1.41E-17
8374.399056,1.32E-17
8378.536068,1.21E-17
8380.075398,1.13E-17
8391.185418,1.32E-17
8391.969525,1.49E-17
8391.99719,1.43E-17
8392.706522,1.18E-17
8393.367993,1.74E-17
8393.401191,1.66E-17
8393.434389,1.59E-17
8399.037392,1.86E-17
8399.066717,1.80E-17
8399.173504,2.24E-17
8399.773045,2.35E-17
8399.976796,1.97E-17
8400.715554,2.16E-17
8400.748752,2.08E-17
8416.780332,1.84E-17
8417.390478,1.92E-17
8417.455261,1.77E-17
8418.857879,2.01E-17
8420.541989,1.60E-17
8420.574495,1.53E-17
8422.869015,1.69E-17
8422.874844,1.44E-17
8429.255096,2.35E-17
8429.288294,2.27E-17
8429.699466,2.19E-17
8429.85444,2.45E-17
8430.262381,2.11E-17
8430.664631,2.57E-17
8432.108193,2.02E-17
8434.586981,1.87E-17
8434.70027,1.95E-17
8437.030359,1.79E-17
8443.096382,1.70E-17
8451.168121,1.61E-17
8453.217794,1.52E-17
8455.949257,1.39E-17
8456.849601,1.25E-17
8461.118318,1.82E-17
8465.681668,1.72E-17
8466.256113,1.88E-17
8468.740731,1.61E-17
8471.038313,1.53E-17
8473.337279,1.44E-17
8478.801818,1.34E-17
8481.868765,1.22E-17
8490.051811,1.11E-17
8490.257608,1.02E-17
8505.023214,1.32E-17
8505.908649,1.21E-17
8508.353229,1.08E-17
8515.635066,1.16E-17
8520.203949,1.05E-17
8520.992126,9.69E-18
8525.405255,8.67E-18
8533.12906,7.73E-18
8542.910039,7.96E-18
8550.407821,8.74E-18
8563.243851,8.01E-18
8568.544474,7.36E-18
8574.596204,6.76E-18
