Default Dataset,,Red DS,
X,Y,X,Y
4805.638410116567,7.679910282068211e-18,4971.318862625512,8.122745846877319e-18
4823.720747997398,7.542842131055857e-18,4987.8802682643645,8.318858739864198e-18
4841.797091784024,7.542842131055857e-18,4999.35683768041,7.673584059713798e-18
4859.880812917364,7.374142868271446e-18,5058.714600476043,7.511211019283775e-18
4877.950240441445,7.532298427131842e-18,5076.778033905919,7.806434729156526e-18
4896.023356638883,7.60610435460002e-18,5094.855299860885,7.785347321308472e-18
4914.101083678019,7.574473242827939e-18,5106.919106075386,7.490123611435733e-18
4932.176966380474,7.585016946751966e-18,5140.049848000806,7.700997689916254e-18
4950.253310167101,7.585016946751966e-18,5158.338553982136,7.765766156878137e-18
4962.302822772343,7.616648058524048e-18,5168.678564093848,7.521754723207815e-18
5013.533423777041,7.289793236879228e-18,5337.332548412813,8.860805121559164e-18
5031.609306479498,7.300336940803255e-18,5341.507665568916,9.83715210492401e-18
5046.668776544159,7.395230276119488e-18,5344.469485841026,1.1001177018136535e-17
5115.960044473716,7.42686138789157e-18,5348.703806204511,1.2920131132309333e-17
5129.516841229516,7.437405091815597e-18,5346.238389149438,1.188684814775475e-17
5170.197836432817,7.226531013335065e-18,5354.880674174697,1.4050416192964975e-17
5186.741075355385,7.838065840928608e-18,5353.63187380964,1.5049959324962676e-17
5198.328779230147,8.5881750629522e-18,5363.260694524264,1.3025568171549606e-17
5215.3485815766235,8.143833254725361e-18,5363.558093813683,1.1965925927184948e-17
5233.422158858231,8.207095478269524e-18,5371.8838906649,1.1032808129908604e-17
5252.579152200163,8.100152195611544e-18,5388.477387761958,1.0495079229783264e-17
5269.590984377421,7.838065840928608e-18,5404.05004450743,1.0336923670922868e-17
5287.656723228145,8.08057103118121e-18,5417.893020837854,1.1458070854844333e-17
5305.719695573851,8.386338444977975e-18,5435.143255487206,1.1212051096617055e-17
5323.795117192138,8.40742585282603e-18,5448.682531044559,1.162325554965408e-17
5519.572531484987,9.542631308646198e-18,5452.2198765772155,1.340514151281455e-17
5535.544794510815,9.432273874241399e-18,5451.651913097051,1.2614363718512568e-17
5549.68624599372,9.851913290417639e-18,5458.540356896772,2.3498980736082522e-17
5557.985299963098,9.530330320734839e-18,5458.452812382429,2.2438987034920395e-17
5563.974091700487,1.036855478269495e-17,5458.486010442643,2.1679840352390495e-17
5568.000324778213,1.1304835691148487e-17,5458.5192085028575,2.0920693669860583e-17
5573.281997833041,3.003519852698523e-17,5458.552406563072,2.0161546987330683e-17
5567.840051920846,1.956266460444598e-17,5458.585604623286,1.9402400304800783e-17
5568.883946480914,1.865590606697971e-17,5458.616589479486,1.8693863401106206e-17
5569.571146327348,1.672008202652847e-17,5457.444282978172,1.7944206052107927e-17
5569.012127880075,1.572475637610037e-17,5457.474945075453,1.7243049741160183e-17
5569.045325940289,1.496560969357047e-17,5457.5081431356675,1.648390305863027e-17
5569.078524000503,1.420646301104057e-17,5457.541341195882,1.572475637610037e-17
5569.1117220607175,1.3447316328510671e-17,5457.574539256096,1.496560969357047e-17
5569.144920120932,1.2688169645980758e-17,5459.109027372663,1.4322443754204858e-17
5569.171663002771,1.2076634818387228e-17,5460.327870440527,3.0738990763914e-17
5576.180477715264,3.9693470951028066e-17,5459.937318975007,2.98280147448781e-17
5575.542462974708,3.862568129908576e-17,5459.970517035221,2.90688680623482e-17
5575.575661034922,3.786653461655586e-17,5460.003715095435,2.83097213798183e-17
5575.608859095136,3.710738793402596e-17,5460.036913155649,2.7550574697288402e-17
5575.64205715535,3.634824125149606e-17,5460.070111215864,2.6791428014758502e-17
5575.675255215565,3.558909456896616e-17,5461.611331161308,2.5994323998102106e-17
5575.708453275779,3.482994788643626e-17,5461.644529221521,2.5235177315572206e-17
5575.741651335993,3.407080120390635e-17,5461.677727281736,2.4476030633042294e-17
5575.773466143698,3.334328563314853e-17,5460.415924343095,3.266216235965642e-17
5575.506406192641,3.256094280198576e-17,5459.856905895822,3.166683670922832e-17
5575.5396042528555,3.180179611945586e-17,5469.251034768098,2.3527097279879916e-17
5575.571142410059,3.108060677105246e-17,5469.284232828312,2.2767950597350016e-17
5576.4660145665,2.898873591252561e-17,5469.317430888526,2.2008803914820116e-17
5576.006313649367,2.801871515151518e-17,5469.35062894874,2.1249657232290216e-17
5576.039511709581,2.7259568468985277e-17,5470.901255011245,2.0237461655583674e-17
5576.072709769795,2.6500421786455377e-17,5469.417025069169,1.9731363867230404e-17
5576.1059078300095,2.5741275103925465e-17,5470.97041763669,1.865590606697971e-17
5576.137031011461,2.502957508905368e-17,5471.003615696905,1.789675938444981e-17
5573.66262281508,2.4201894331017623e-17,5471.0368137571195,1.713761270191991e-17
5576.209651768178,2.336894172101952e-17,5471.070011817334,1.637846601939001e-17
5576.239391697121,2.2688872817919818e-17,5471.103209877548,1.5619319336860098e-17
5575.975052142665,2.1844322133605306e-17,5471.136407937762,1.4860172654330198e-17
5576.30578781755,2.1170579452860018e-17,5471.169605997976,1.4101025971800298e-17
5576.338294251509,2.0427248326216152e-17,5472.704555198712,1.3447316328510671e-17
5577.213201463404,1.7643710490273182e-17,5472.737753258927,1.2688169645980758e-17
5575.508540353656,5.416408839626528e-17,5473.527359899438,1.1855217035982668e-17
5574.908011157281,5.313381789854612e-17,5483.3512192178205,1.1111885909338802e-17
5574.941209217495,5.237467121601622e-17,5494.797732532921,1.0169730651556164e-17
5574.974407277709,5.1615524533486315e-17,5509.0223109046965,9.6726703237092e-18
5576.513967320143,5.0856377850956415e-17,5678.863586960487,1.1418707693527974e-17
5576.547165380356,5.009723116842651e-17,5689.644311201918,1.2906951502404308e-17
5576.580363440571,4.933808448589661e-17,5686.668819784179,1.2055547410539173e-17
5576.613561500785,4.857893780336671e-17,5688.102330467595,1.3721452630535342e-17
5576.646759560999,4.78197911208368e-17,5699.961507527608,1.1216268578186668e-17
5576.679957621213,4.70606444383069e-17,5698.710493958536,1.2266421489019706e-17
5576.713155681427,4.6301497755777e-17,5704.810637522894,1.0558341453327415e-17
5576.7463537416415,4.554235107324709e-17,5764.316316120149,1.2371858528259966e-17
5576.779551801856,4.478320439071719e-17,5769.663601452316,1.563197178156894e-17
5576.81274986207,4.402405770818729e-17,5769.404841016312,1.4659842279773693e-17
5576.845947922284,4.326491102565739e-17,5769.135198993907,1.3936544190585488e-17
5576.879145982499,4.250576434312749e-17,5770.967916351397,1.336296669711844e-17
5576.912344042713,4.174661766059758e-17,5770.783482683541,1.7580448266729018e-17
5576.945542102927,4.098747097806768e-17,5769.320001529099,1.6599883801794558e-17
5570.9366932041585,4.0607897636802734e-17,5782.678416820911,1.253528593908237e-17
5576.320311968893,5.5284733499047513e-17,5779.332674814948,1.1538905918261875e-17
5584.949041119564,3.0201261863788644e-17,5787.329949195297,1.4290812642432776e-17
5585.921928717508,1.9436140157357665e-17,5788.039096648205,1.3384054104966507e-17
5585.462227800375,1.8466119396347233e-17,5791.290969601963,1.5570115385214638e-17
5586.054720958365,1.6399553427238053e-17,5791.0046582890045,1.7743122555842574e-17
5587.106915033486,1.5303008219139306e-17,5791.910174902847,1.672008202652847e-17
5587.140113093701,1.4543861536609406e-17,5785.907965616122,1.6188679348757533e-17
5587.173311153914,1.3784714854079506e-17,5798.715777246756,1.265864727499349e-17
5587.206509214129,1.3025568171549606e-17,5799.537152586556,1.4543861536609406e-17
5587.239707274343,1.2266421489019706e-17,5799.570350646769,1.3784714854079506e-17
5587.272905334557,1.1507274806489793e-17,5804.181192343184,1.1686517773198244e-17
5587.305181226432,1.0769215531807948e-17,5844.5213541282865,1.238029349139918e-17
5586.542548009846,2.8208501822147655e-17,5851.452002499002,1.4227550418888613e-17
5586.57574607006,2.7449355139617755e-17,5850.514157297951,1.3126787729220252e-17
5586.608944130274,2.6690208457087855e-17,5850.716112164255,1.539790155445555e-17
5586.642142190488,2.5931061774557943e-17,5859.873243773334,1.2677625942056731e-17
5586.675340250702,2.5171915092028043e-17,5861.347790947849,1.340514151281455e-17
5586.708538310916,2.4412768409498143e-17,5882.901078240908,1.6568252690022477e-17
5586.74173637113,2.3653621726968243e-17,5882.342797528305,1.5556057113315947e-17
5586.774934431344,2.289447504443833e-17,5882.37599558852,1.4796910430786047e-17
5586.808132491558,2.213532836190843e-17,5882.409193648734,1.4037763748256135e-17
5586.841330551773,2.137618167937853e-17,5882.434092193895,1.3468403736358713e-17
5586.874528611987,2.061703499684863e-17,5890.299265959639,2.1502706126466845e-17
5587.007320852844,1.7580448266729018e-17,5889.361974059591,2.038929099208967e-17
5594.657892872205,9.943794138898444e-18,5889.394618818802,1.9642796754268585e-17
5612.9562157519285,9.788651066873488e-18,5888.224387196252,1.884569273761219e-17
5620.494941925568,9.630495508013092e-18,5888.257585256466,1.808654605508229e-17
5637.065384814145,9.619951804089077e-18,5889.289491628124,1.7453923819640703e-17
5656.218162529382,9.609408100165037e-18,5891.654546028938,2.4609584216079973e-17
5669.524261235231,1.04318170062391e-17,5892.538751771588,2.3527097279879916e-17
5712.3558188749075,1.0252574039530662e-17,5892.571949831802,2.2767950597350016e-17
5730.442306513265,1.0020612553202075e-17,5892.59961488198,2.213532836190843e-17
5748.515422710703,1.0094418480670266e-17,5892.391204837302,2.6901082535568376e-17
5760.224286331414,1.1026481907554203e-17,5892.43362458091,2.5931061774557943e-17
5814.739097659636,1.1380750359401479e-17,5887.93113766436,2.5551488433293e-17
5831.289713928918,1.1823585924210586e-17,5900.17568887336,2.11231327852019e-17
5869.5638497666905,1.4981425249456506e-17,5900.208886933575,2.036398610267199e-17
5868.553429917338,1.3974501524711984e-17,5901.756746491061,1.941505274950961e-17
5868.757874638157,1.6188679348757533e-17,5901.789944551275,1.865590606697971e-17
5870.392879103706,1.3246985953954153e-17,5901.823142611489,1.789675938444981e-17
5917.673833111256,1.5556057113315947e-17,5901.856340671704,1.713761270191991e-17
5924.543065070575,1.5049959324962676e-17,5901.889538731918,1.637846601939001e-17
5933.507924580915,1.6726408248882873e-17,5903.425410100994,1.5703668968252304e-17
5933.54748560267,1.5821758452201417e-17,5907.977233023695,1.4955065989646444e-17
5943.627031462591,1.4972638829519822e-17,6069.904091524423,1.1671756587704603e-17
5954.649279276816,1.553075222389828e-17,6076.811962337159,1.2160984449779433e-17
5959.511135195184,1.45818188707359e-17,6087.379089337002,1.1644342957502147e-17
5966.346536750285,1.3775677393573198e-17,6092.137939051872,1.3050873060967273e-17
5963.795160432157,1.3067742987245715e-17,6097.521004515604,1.3961849080003144e-17
5976.984934188922,1.45818188707359e-17,6103.316002576492,1.463875487192565e-17
5982.596097991374,1.3721452630535342e-17,6113.660518139233,1.691619491951535e-17
5989.200239487734,1.2790594198385579e-17,6111.298199504492,1.5821758452201417e-17
6005.127404090494,1.2727331974841428e-17,6112.831396585383,1.5208114883823073e-17
6016.572237741833,1.1823585924210586e-17,6114.154339284919,1.9402400304800783e-17
6034.862985667343,1.18416608452232e-17,6115.70348987808,1.8423944580651124e-17
6052.749823860247,1.1254225912313164e-17,6116.48249158269,1.7833497160905647e-17
6064.7993364654885,1.1285857024085246e-17,6123.310917592996,1.6694777137110803e-17
6139.347951966465,1.4119100892812913e-17,6123.34411565321,1.593563045458089e-17
6142.885323846787,1.688456380774327e-17,6124.886442200661,1.511322154850684e-17
6142.928204674564,1.5903999342808822e-17,6125.683195645802,1.4116841527686333e-17
6142.659853687833,1.5151178882633323e-17,6130.978977876219,1.3579112627560993e-17
6142.8341435039565,1.8054914943310207e-17,6375.103680166276,1.1428197027059595e-17
6156.565345346924,1.4077302637971234e-17,6381.395404203119,1.222846415489321e-17
6160.600638728584,1.3658190406991191e-17,6384.63045457081,1.5912626009655755e-17
6174.660017229293,1.3658190406991191e-17,6383.99269133071,1.4839085246482156e-17
6174.693215289507,1.2899043724461291e-17,6384.023583970076,1.413265708357238e-17
6182.637234448261,1.2084542596330245e-17,6384.059548535308,1.3310248177498317e-17
6200.687642250345,1.2677625942056731e-17,6384.085830332978,1.2709257053828813e-17
6207.320914385849,1.3131005210789878e-17,6385.3515063786435,1.8213070502170603e-17
6220.508751589103,1.239294593610802e-17,6385.395770458928,1.7200874925464062e-17
6225.875632998479,1.3674005962877226e-17,6379.386921560161,1.6821301584199118e-17
6224.104654811303,1.2835781500917128e-17,6398.288790444113,1.1722366366539939e-17
6236.942344696129,1.5511773556835025e-17,6402.7837574970235,1.4152785972881875e-17
6237.136000047379,1.452804598072337e-17,6402.146497257836,1.3067742987245715e-17
6230.467339701853,1.2013372594843064e-17,6402.677205137093,1.2414033343956062e-17
6238.349573581875,1.930961571026935e-17,6403.537127113474,1.5714212672176344e-17
6237.725818917184,1.8263680281005927e-17,6397.540727487287,1.5049959324962676e-17
6237.7590169773985,1.7504533598476027e-17,6412.173325827694,1.112770146522485e-17
6237.792215037613,1.6745386915946127e-17,6412.692875470046,1.3025568171549606e-17
6231.780046332823,1.6441728242934162e-17,6412.726073530261,1.2266421489019706e-17
6237.633970950592,2.036398610267199e-17,6505.777469805615,2.011093720849536e-17
6244.55410660224,1.3683495296408859e-17,6505.0623282585,1.924108163476318e-17
6252.01564728588,1.2993937059777524e-17,6508.858434227159,1.855046902773945e-17
6252.920017776215,1.5277703329721638e-17,6508.890710119033,1.7812409753057605e-17
6251.454046767257,1.4354074865976928e-17,6512.695807229,1.691619491951535e-17
6251.546724685355,1.2234790377247624e-17,6511.979974055632,1.6062154901669218e-17
6260.740858299048,1.727995270489426e-17,6512.013172115846,1.5303008219139306e-17
6258.900786649052,1.6299388239959813e-17,6512.04637017606,1.4543861536609406e-17
6262.456898307411,1.9183091263181036e-17,6511.329845376437,1.3705637074649307e-17
6261.833143642722,1.8137155833917612e-17,6513.624661288743,1.2899043724461291e-17
6261.741295676129,2.0237461655583674e-17,6517.4306805670485,1.1981741483070982e-17
6275.522640422544,1.511322154850684e-17,6517.609258465951,1.1342793025274995e-17
6275.263972203375,1.4138983305926782e-17,6592.042629272184,1.090628368282029e-17
6281.46924295841,1.691619491951535e-17,6596.519940993071,1.1861543258337082e-17
6278.492483559205,1.6093786013441287e-17,6601.576835515198,1.3341879289270398e-17
6278.116238876777,1.3215354842182084e-17,6600.520122815213,1.2245334081171651e-17
6280.1560752432715,1.249838297534828e-17,6602.895167373037,1.5345183034835427e-17
6286.075473813129,1.4923434877874362e-17,6602.431408915211,1.4467946868356414e-17
6286.108671873343,1.4164288195344462e-17,6600.855331006543,1.6062154901669218e-17
6292.60387235425,1.7200874925464062e-17,6611.607352758412,1.1317488135857327e-17
6289.035634182228,1.612541712521337e-17,6614.165447731584,1.0231486631682595e-17
6299.286226899613,4.007016873667738e-17,6611.516058092824,1.340514151281455e-17
6298.219739215232,3.001147519315618e-17,6611.549256153038,1.264599483028465e-17
6298.433846942864,2.757587958670607e-17,6614.686472843279,9.799194770797515e-18
6297.6187160001045,2.653205289822746e-17,6676.378151488805,1.1380750359401479e-17
6297.651914060319,2.5772906215697547e-17,6680.048612021235,1.3563297071674946e-17
6297.685112120533,2.5013759533167647e-17,6678.841263123029,1.2466751863576211e-17
6297.718310180747,2.4254612850637747e-17,6679.374276423136,1.1760323700666435e-17
6297.751508240961,2.3495466168107847e-17,6679.864935848801,1.5303008219139306e-17
6297.784706301175,2.2736319485577934e-17,6680.7589121845685,1.4543861536609406e-17
6297.817904361389,2.1977172803048034e-17,6694.077370341407,1.0610101454409005e-17
6297.851102421604,2.1218026120518134e-17,6689.90221126856,1.2139897041931379e-17
6297.884300481818,2.0458879437988234e-17,6693.006229898587,1.0052243664974157e-17
6297.917498542032,1.9699732755458334e-17,6708.507418597765,1.1528362214337848e-17
6297.949313349737,1.8972217184700504e-17,6718.479101500934,1.3145766396283506e-17
6297.986200083309,1.8128720870778398e-17,6719.270736911792,1.2266421489019706e-17
6299.739856875179,6.222951981700625e-17,6718.42902776011,1.4290812642432776e-17
6299.117331768273,6.115546784394542e-17,6727.602758399298,1.1190963688769e-17
6299.150529828487,6.039632116141552e-17,7022.844173904152,1.1317488135857327e-17
6299.1837278887015,5.963717447888562e-17,7024.910476501984,1.2291726378437373e-17
6299.216925948916,5.887802779635571e-17,7031.128127366974,1.9952781649634963e-17
6299.25012400913,5.811888111382582e-17,7031.973294649927,1.7849312716791694e-17
6299.283322069344,5.735973443129591e-17,7027.122573914256,1.6821301584199118e-17
6299.316520129558,5.660058774876601e-17,7027.155771974471,1.6062154901669218e-17
6299.349718189773,5.584144106623611e-17,7027.188970034685,1.5303008219139306e-17
6299.382916249987,5.50822943837062e-17,7027.218479421542,1.462821116800161e-17
6299.416114310201,5.43231477011763e-17,7025.746237667876,1.3847977077623669e-17
6299.449312370415,5.3564001018646395e-17,7024.259241220782,1.340514151281455e-17
6299.482510430629,5.2804854336116495e-17,7034.950777112945,2.570101732530645e-17
6299.515708490843,5.2045707653586595e-17,7034.313181539816,2.4623642487978663e-17
6299.548906551057,5.128656097105669e-17,7034.34637960003,2.3864495805448763e-17
6299.5821046112715,5.052741428852679e-17,7034.078674131136,2.309691415977965e-17
6301.119728100192,4.98125511624778e-17,7034.11187219135,2.233776747724975e-17
6299.648500731701,4.900912092346698e-17,7034.145070251564,2.1578620794719836e-17
6299.681698791915,4.824997424093708e-17,7035.981845149749,2.091225870672137e-17
6299.714896852129,4.7490827558407176e-17,7035.317653403379,1.887732384938427e-17
6299.748094912343,4.6731680875877276e-17,7034.707935458196,3.035941742264904e-17
6299.781292972557,4.597253419334737e-17,7034.107999084325,2.931559073417043e-17
6299.814491032771,4.521338751081747e-17,7034.14119714454,2.855644405164053e-17
6299.847689092985,4.445424082828757e-17,7035.682693740485,2.7753013812629708e-17
6299.880887153199,4.369509414575767e-17,7035.715891800699,2.6993867130099808e-17
6299.914085213413,4.293594746322776e-17,7029.709256105945,2.6563684009999528e-17
6301.753811050283,4.2202105670115526e-17,7044.063728475225,1.981571349862262e-17
6301.787009110498,4.1442958987585626e-17,7044.163322655867,1.753827345103291e-17
6302.015153557636,4.0818771715283255e-17,7045.204450710918,1.6694777137110803e-17
6301.88660329114,3.9165518939995913e-17,7045.237648771132,1.593563045458089e-17
6301.919801351354,3.8406372257466013e-17,7044.520432345254,1.511322154850684e-17
6301.952999411568,3.7647225574936113e-17,7044.922267199097,2.3147523938614972e-17
6301.986197471782,3.6888078892406213e-17,7044.955465259311,2.2388377256085072e-17
6302.019395531997,3.612893220987631e-17,7044.988663319526,2.162923057355516e-17
6302.0525935922105,3.53697855273464e-17,7045.02186137974,2.087008389102526e-17
6302.0857916524255,3.46106388448165e-17,7045.121455560382,1.859264384343556e-17
6302.11898971264,3.38514921622866e-17,7048.315846687658,1.4438424497369133e-17
6302.152187772854,3.30923454797567e-17,,
6302.185385833068,3.23331987972268e-17,,
6302.218583893282,3.157405211469689e-17,,
6303.453275082748,3.0897146322774393e-17,,
6303.110030853033,2.8904386281133404e-17,,
6301.018553059539,6.688883278914745e-17,,
6300.418419078167,6.5849524830922e-17,,
6300.451617138382,6.509037814839209e-17,,
6300.484815198596,6.433123146586219e-17,,
6300.51801325881,6.357208478333229e-17,,
6296.018292847279,6.312924921852317e-17,,
6311.884752425647,1.7213527370172902e-17,,
6309.076196531527,4.0101799848449463e-17,,
6309.507771314311,3.0232892975560726e-17,,
6309.540969374525,2.9473746293030826e-17,,
6309.607365494953,2.7955452927971026e-17,,
6309.640563555167,2.7196306245441114e-17,,
6309.673761615382,2.6437159562911214e-17,,
6309.7069596755955,2.5678012880381314e-17,,
6309.7401577358105,2.4918866197851414e-17,,
6311.290783798315,2.3906670621144872e-17,,
6311.323981858529,2.3147523938614972e-17,,
6311.357179918743,2.2388377256085072e-17,,
6311.390377978957,2.162923057355516e-17,,
6311.423576039171,2.087008389102526e-17,,
6311.456774099385,2.011093720849536e-17,,
6311.489972159599,1.935179052596546e-17,,
6311.523170219814,1.859264384343556e-17,,
6310.038940277738,1.808654605508229e-17,,
6318.649687145793,1.637846601939001e-17,,
6317.383457799124,1.5480142445062956e-17,,
6317.416655859338,1.4720995762533044e-17,,
6317.7487286783135,1.4016676340408093e-17,,
6317.77962131768,1.3310248177498317e-17,,
6317.063788144311,1.2456208159652171e-17,,
6333.267306837604,1.837574479128416e-17,,
6332.667568071234,1.732739937255239e-17,,
6332.700766131449,1.6568252690022477e-17,,
6334.242539377896,1.5758496228657253e-17,,
6334.274077535099,1.5037306880253836e-17,,
6333.707497307443,1.4214897974179785e-17,,
6340.971786183312,1.3443098846941045e-17,,
6345.43083897108,1.2519470383196335e-17,,
6343.457398725015,1.1718148884970326e-17,,
6360.211721980446,1.4392032200103423e-17,,
6357.696138967714,1.3357694845156433e-17,,
6363.2798263453315,2.1893781690194375e-17,,
6362.64172777129,2.082790907532915e-17,,
6362.674003663165,2.0089849800647318e-17,,
6362.406113760603,1.9326485636547792e-17,,
6362.439311820817,1.8567338954017892e-17,,
6362.472509881031,1.780819227148798e-17,,
6362.505707941245,1.704904558895808e-17,,
6362.5389060014595,1.628989890642818e-17,,
6362.572104061674,1.553075222389828e-17,,
6362.899934906289,1.4923434877874362e-17,,
6363.874436298827,2.7085597354238846e-17,,
6363.919392005367,2.6057586221646258e-17,,
6363.952590065581,2.5298439539116358e-17,,
6363.985788125795,2.4539292856586458e-17,,
6364.018986186009,2.3780146174056558e-17,,
6364.052184246224,2.3020999491526658e-17,,
6369.948159740263,1.2203159265475542e-17,,
6372.4844915406275,1.391123930116782e-17,,
6370.509206957883,1.315209261863792e-17,,
6373.2397474105,1.960483942014209e-17,,
6373.272945470714,1.884569273761219e-17,,
6373.306143530928,1.808654605508229e-17,,
6373.339341591143,1.732739937255239e-17,,
6373.372539651356,1.6568252690022477e-17,,
6373.405737711571,1.5809106007492576e-17,,
6373.438935771785,1.5049959324962676e-17,,
6421.820128824934,1.0988524573427695e-17,,
6432.400996133033,1.0157680704214417e-17,,
6448.963416157058,1.0330597448568454e-17,,
6458.565955074013,1.120361613347784e-17,,
6464.9074300927605,1.3162636322561947e-17,,
6460.925968287906,1.2350771120411911e-17,,
6469.017660131172,1.5205239328207432e-17,,
6468.679744118264,1.4164288195344462e-17,,
6468.2641228477505,1.677912676850301e-17,,
6468.289943561251,1.6188679348757533e-17,,
6473.759323981538,1.1681245921236237e-17,,
6484.23262035286,1.3310248177498317e-17,,
6482.011347365612,1.2435120751804129e-17,,
6487.506917366735,1.0773433013377561e-17,,
6492.579857617965,1.188684814775475e-17,,
6490.148560791446,1.0073331072822199e-17,,
6495.478693792501,1.4491143016989282e-17,,
6498.333726970922,1.8097089759006316e-17,,
6496.875778826515,1.6990000846983542e-17,,
6496.908976886729,1.6230854164453642e-17,,
6496.942174946944,1.5471707481923742e-17,,
6495.53171847201,1.3278617065726235e-17,,
6494.047488529934,1.2772519277372964e-17,,
6498.256725914591,1.985788831431873e-17,,
6498.289923974806,1.9098741631788818e-17,,
6504.226843743109,2.11231327852019e-17,,
6499.729889836595,2.061703499684863e-17,,
6525.7004556916545,1.2329683712563857e-17,,
6533.6579999860505,1.7903788520399162e-17,,
6533.034737144474,1.6846606473616786e-17,,
6534.572637283896,1.612541712521337e-17,,
6534.60583534411,1.536627044268347e-17,,
6534.636266899306,1.467038598369772e-17,,
6534.67084821203,1.387960818939574e-17,,
6534.70335464599,1.3136277062751886e-17,,
6534.445378053075,1.9035479408244667e-17,,
6546.463905802117,1.2886391279752451e-17,,
6553.469249808315,1.4591308204267522e-17,,
6548.237788819562,1.3658190406991191e-17,,
6555.649532412881,1.640377090880768e-17,,
6555.391970795719,1.5404227776809952e-17,,
6554.093557774009,1.753827345103291e-17,,
6571.409204897561,1.426550775301511e-17,,
6572.7313868082165,1.3310248177498317e-17,,
6578.795219994214,1.5303008219139306e-17,,
6584.448572998188,1.2329683712563857e-17,,
6584.362811342635,1.4290812642432776e-17,,
6585.902371385068,1.3531665959902876e-17,,
6585.505377915008,1.112770146522485e-17,,
6626.705092809154,1.0537254045479373e-17,,
6634.857456143419,1.1109626544212235e-17,,
6646.093418665912,1.0061281125480452e-17,,
6664.35814827042,1.0674322196491703e-17,,
6736.674589436995,1.0421273302315073e-17,,
6754.763382496201,1.0136593296366362e-17,,
6772.8452592928625,1.0010068849278035e-17,,
6790.917453321962,1.010496218459428e-17,,
6808.993336024419,1.0115505888518308e-17,,
6823.816730994224,1.560877563293607e-17,,
6822.358782849817,1.4501686720913297e-17,,
6822.391980910031,1.3742540038383397e-17,,
6822.425178970245,1.2983393355853497e-17,,
6822.45837703046,1.2224246673323584e-17,,
6822.4906529223335,1.1486187398641751e-17,,
6820.520901349626,1.0600516269023524e-17,,
6829.852191036496,2.0300723879127838e-17,,
6828.173515313167,1.9320159414193378e-17,,
6828.20671337338,1.8561012731663478e-17,,
6828.239911433595,1.7801866049133578e-17,,
6828.2703429887915,1.710598159014783e-17,,
6825.281134317005,1.6568252690022477e-17,,
6832.397968475421,2.6057586221646258e-17,,
6832.4431547240465,2.5024303237091674e-17,,
6832.476352784261,2.4265156554561774e-17,,
6832.509550844476,2.3506009872031874e-17,,
6832.542748904689,2.2746863189501974e-17,,
6832.575946964904,2.1987716506972074e-17,,
6832.609145025117,2.122856982444216e-17,,
6832.217454023007,3.018544630790261e-17,,
6832.255493467002,2.931559073417043e-17,,
6832.2886915272165,2.855644405164053e-17,,
6832.321889587431,2.779729736911063e-17,,
6830.841809402882,2.7196306245441114e-17,,
6846.198678756962,2.0490510549760316e-17,,
6846.231876817175,1.9731363867230404e-17,,
6846.26507487739,1.8972217184700504e-17,,
6846.298272937604,1.8213070502170603e-17,,
6846.3314709978185,1.7453923819640703e-17,,
6846.364669058033,1.6694777137110803e-17,,
6846.397867118247,1.593563045458089e-17,,
6846.431065178461,1.517648377205099e-17,,
6846.464263238675,1.441733708952109e-17,,
6846.496769672634,1.3674005962877226e-17,,
6850.897741224501,1.2547586926993728e-17,,
6853.292919791065,1.1359662951553436e-17,,
6863.826848730696,2.2127420583965413e-17,,
6862.430870298689,2.1325571900543207e-17,,
6863.943041941446,2.808197737505934e-17,,
6863.978453205675,2.7272220913694105e-17,,
6864.011651265888,2.6513074231164205e-17,,
6864.044849326103,2.5753927548634305e-17,,
6864.078047386316,2.4994780866104405e-17,,
6864.111245446531,2.4235634183574505e-17,,
6864.144443506745,2.3476487501044593e-17,,
6862.161412709951,2.289447504443833e-17,,
6867.280369161312,2.065920981254474e-17,,
6866.11364177845,1.9781973646065727e-17,,
6866.146839838664,1.9022826963535827e-17,,
6866.180037898879,1.8263680281005927e-17,,
6866.213235959092,1.7504533598476027e-17,,
6866.246434019307,1.6745386915946127e-17,,
6866.279078778518,1.5998892678125055e-17,,
6867.5217928325355,1.5138526437924508e-17,,
6867.553330989739,1.441733708952109e-17,,
6867.586529049953,1.3658190406991191e-17,,
6865.0513038515965,3.029615519910489e-17,,
6863.880334494374,2.9515921108726935e-17,,
6863.904310871196,2.8967648504677555e-17,,
6878.860791499057,1.2628741496590795e-17,,
6875.206867121618,1.163379925357812e-17,,
6885.6435073014545,1.4101025971800298e-17,,
6884.916608108014,1.3500034848130795e-17,,
6902.236773856428,1.3568568923636953e-17,,
6910.473581462904,1.467038598369772e-17,,
6913.441349720802,1.5698397116290297e-17,,
6915.659164576777,1.6652602321414682e-17,,
6923.979520634792,1.9288528302421296e-17,,
6921.613605543527,1.8276332725714767e-17,,
6918.631313134287,1.7580448266729018e-17,,
6924.933016349944,2.1105057864189287e-17,,
6923.782545477521,2.0348170546785954e-17,,
6925.041305260643,2.256551148200871e-17,,
6921.450381747474,2.2008803914820116e-17,,
6943.95313356266,1.920719115786453e-17,,
6941.502010116845,1.817511316804412e-17,,
6939.722594089364,1.7529838487893695e-17,,
6943.77146639982,1.6800214176351064e-17,,
6949.38585779146,2.0458879437988234e-17,,
6949.78879924731,2.1578620794719836e-17,,
6953.202943089837,1.9288528302421296e-17,,
6953.2361411500515,1.8529381619891396e-17,,
6953.2693392102665,1.7770234937361496e-17,,
6954.866304231819,1.5698397116290297e-17,,
6960.089465705518,1.6821301584199118e-17,,
6962.240522160647,1.438118724749585e-17,,
6963.502180187121,1.3415685216738589e-17,,
6961.0230228237915,1.2696604609119973e-17,,
6961.056220884006,1.1937457926590073e-17,,
6961.590064135617,1.1212051096617055e-17,,
6958.0982737189215,1.0684865900415742e-17,,
6977.4369737451925,1.6264594017010524e-17,,
6977.481791126482,1.5239745995595155e-17,,
6979.899255427912,1.7369574188248498e-17,,
6981.039977663604,1.4248637826736667e-17,,
6978.858127372861,1.8213070502170603e-17,,
6985.091985346415,1.3447316328510671e-17,,
6985.114578470727,1.293067483623336e-17,,
6991.177374217343,1.2076634818387228e-17,,
6991.645703995364,1.1209038609781615e-17,,
6992.746674188718,1.0637419232757613e-17,,
7010.425332879027,1.2842107723271541e-17,,
7010.272252934707,1.1749779996742395e-17,,
7012.202812352996,1.3531665959902876e-17,,
7048.340745232819,1.3869064485471711e-17,,
7052.144920174447,1.2993937059777524e-17,,
7057.460067939989,1.2013372594843064e-17,,
7061.0941489314355,1.1583189474742797e-17,,
7080.065641525003,1.1781411108514477e-17,,
7092.874790299729,1.166543036535019e-17,,
7099.699461767512,1.0612566216365271e-17,,
7114.166781193852,1.0469774340365596e-17,,
7131.311458307301,1.1106614057376795e-17,,
7148.213113324404,1.117690541687031e-17,,
7167.476134068964,1.0832477755352099e-17,,
7181.0333919089335,1.0832477755352099e-17,,
7184.075625260228,1.0157680704214417e-17,,
7193.15540999985,9.206111425071029e-18,,
7210.786099469226,9.555183337127193e-18,,
7218.70996266285,1.04318170062391e-17,,
7230.421961655914,1.1292183246439647e-17,,
7232.62686615514,1.5986240233416214e-17,,
7232.068954309874,1.496560969357047e-17,,
7232.102152370087,1.420646301104057e-17,,
7232.135350430302,1.3447316328510671e-17,,
7232.168548490516,1.2688169645980758e-17,,
7230.688929390137,1.2076634818387228e-17,,
7235.925001220585,3.0127455936320454e-17,,
7235.317568935499,2.3349963053956278e-17,,
7234.758919355562,2.2346202440388963e-17,,
7234.792117415776,2.158705575785905e-17,,
7234.8253154759905,2.082790907532915e-17,,
7234.858513536205,2.006876239279925e-17,,
7234.888022923062,1.939396534166157e-17,,
7233.413936832718,1.865590606697971e-17,,
7233.447134892932,1.789675938444981e-17,,
7233.480332953146,1.713761270191991e-17,,
7241.930345879665,4.436567371532575e-17,,
7241.075772479651,4.323960613623972e-17,,
7241.1089705398645,4.248045945370982e-17,,
7241.1421686000795,4.172131277117992e-17,,
7241.175366660293,4.096216608865002e-17,,
7241.511035935792,4.017560577591764e-17,,
7240.036949845448,3.9437546501235796e-17,,
7240.070147905662,3.8678399818705896e-17,,
7240.1033459658765,3.7919253136175996e-17,,
7240.136544026091,3.7160106453646084e-17,,
7240.169742086306,3.6400959771116184e-17,,
7240.202940146519,3.5641813088586284e-17,,
7240.236138206734,3.4882666406056384e-17,,
7240.269336266947,3.4123519723526484e-17,,
7240.302534327162,3.336437304099657e-17,,
7240.3350407611215,3.262104191435272e-17,,
7240.365472316318,3.192515745536697e-17,,
7235.873359793585,3.130835077581142e-17,,
7235.9729539742275,2.903091072822172e-17,,
7236.0061520344425,2.827176404569182e-17,,
7236.039350094656,2.7512617363161907e-17,,
7236.072548154871,2.6753470680632006e-17,,
7236.105746215085,2.5994323998102106e-17,,
7236.138944275299,2.5235177315572206e-17,,
7236.172142335513,2.4476030633042294e-17,,
7242.976976205806,5.640939525094367e-17,,
7242.3544510989,5.5335343277882837e-17,,
7242.3876491591145,5.4576196595352937e-17,,
7242.420847219329,5.381704991282303e-17,,
7242.454045279543,5.305790323029313e-17,,
7243.994896357652,5.2269234176775955e-17,,
7244.028094417865,5.1510087494246055e-17,,
7244.06129247808,5.0750940811716155e-17,,
7244.094490538294,4.999179412918625e-17,,
7244.127688598508,4.923264744665635e-17,,
7244.160886658722,4.847350076412644e-17,,
7244.194084718936,4.771435408159654e-17,,
7244.22728277915,4.695520739906664e-17,,
7244.260480839364,4.619606071653674e-17,,
7244.293678899579,4.543691403400683e-17,,
7243.711790677491,5.874306838612818e-17,,
7243.755132589437,5.775196021726969e-17,,
7239.255412177906,5.730912465246058e-17,,
7254.301879668983,3.0144325862598895e-17,,
7251.865142049262,4.453015549654056e-17,,
7251.8983401094765,4.377100881401066e-17,,
7251.931538169691,4.301186213148075e-17,,
7251.964736229905,4.225271544895085e-17,,
7251.997934290119,4.149356876642095e-17,,
7252.031132350333,4.073442208389105e-17,,
7253.577055354308,3.982977228720958e-17,,
7253.609423463016,3.908960427174292e-17,,
7253.64262152323,3.833045758921302e-17,,
7253.6758195834445,3.757131090668312e-17,,
7253.709017643659,3.681216422415322e-17,,
7253.742215703873,3.605301754162331e-17,,
7253.775413764088,3.529387085909341e-17,,
7253.808611824301,3.453472417656351e-17,,
7253.841809884516,3.377557749403361e-17,,
7253.875007944729,3.301643081150371e-17,,
7253.908206004944,3.22572841289738e-17,,
7255.445921710698,3.1540312262140006e-17,,
7259.491474215133,3.0886602618850366e-17,,
7260.362185561084,2.934722184594251e-17,,
7258.593282252671,2.8461550716324285e-17,,
7258.626480312885,2.7702404033794385e-17,,
7258.659678373099,2.6943257351264485e-17,,
7258.692876433313,2.6184110668734585e-17,,
7258.726074493528,2.5424963986204672e-17,,
7258.7592725537415,2.4665817303674772e-17,,
7258.7924706139565,2.3906670621144872e-17,,
7257.623345593413,2.308426171507081e-17,,
7263.883762015138,2.2304027624692866e-17,,
7263.423600013835,2.134455056760645e-17,,
7263.159675435132,2.0490510549760316e-17,,
7263.192873495347,1.9731363867230404e-17,,
7263.22607155556,1.8972217184700504e-17,,
7262.056024366679,1.8170895686474495e-17,,
7266.238864682624,1.724832159312219e-17,,
7265.153218950994,1.6239289127592856e-17,,
7265.186417011209,1.5480142445062956e-17,,
7265.2196150714235,1.4720995762533044e-17,,
7265.252813131638,1.3961849080003144e-17,,
7264.282599821878,1.3183723730410002e-17,,
7265.315889446045,1.2519470383196335e-17,,
7276.780901018903,4.1226461600345617e-17,,
7277.664645677383,4.01545183680696e-17,,
7276.190467370206,3.9418567834172555e-17,,
7277.728736376963,3.8688943522629924e-17,,
7277.761934437178,3.792979684010001e-17,,
7277.492937932609,3.7191737565418166e-17,,
7277.526135992823,3.6432590882888266e-17,,
7277.559334053038,3.5673444200358366e-17,,
7277.892421257186,3.4945928629600535e-17,,
7277.925619317401,3.4186781947070635e-17,,
7277.958817377615,3.3427635264540735e-17,,
7277.992015437829,3.2668488582010835e-17,,
7278.025213498043,3.1909341899480935e-17,,
7278.058411558257,3.115019521695102e-17,,
7278.090226365963,3.0422679646193204e-17,,
7278.127297533201,2.957496585070147e-17,,
7278.160772243918,2.880949294581716e-17,,
7278.193970304132,2.805034626328726e-17,,
7278.227168364346,2.729119958075736e-17,,
7278.26036642456,2.653205289822746e-17,,
7278.293564484775,2.5772906215697547e-17,,
7278.326070918734,2.502957508905368e-17,,
7276.848526697118,2.4370593593802034e-17,,
7278.386242402872,2.3653621726968243e-17,,
7278.300757397821,4.6276192866359335e-17,,
7277.435947929242,4.5384195514386694e-17,,
7277.469145989455,4.4625048831856794e-17,,
7277.50234404967,4.3865902149326894e-17,,
7277.535542109884,4.3106755466796994e-17,,
7277.568740170098,4.2347608784267094e-17,,
7277.368168556304,4.693411999121858e-17,,
7289.562092723478,2.299569460210899e-17,,
7289.004549745547,2.1966629099124007e-17,,
7288.287563861754,2.1138948341087936e-17,,
7288.477069455477,3.402862638821024e-17,,
7288.510267515691,3.326947970568034e-17,,
7288.543465575905,3.251033302315044e-17,,
7288.5766636361195,3.175118634062054e-17,,
7288.609861696334,3.0992039658090626e-17,,
7288.643059756549,3.0232892975560726e-17,,
7288.673491311744,2.953700851657499e-17,,
7288.709455876977,2.8714599610500926e-17,,
7288.74265393719,2.7955452927971026e-17,,
7288.775851997405,2.7196306245441114e-17,,
7288.809050057619,2.6437159562911214e-17,,
7288.842248117833,2.5678012880381314e-17,,
7288.875446178047,2.4918866197851414e-17,,
7290.415006220481,2.41597195153215e-17,,
7292.846072504915,2.0237461655583674e-17,,
7295.575921331278,1.9324678144446538e-17,,
7300.769441679786,1.8664943527486018e-17,,
7296.720562782413,1.775441938147545e-17,,
7295.243018560796,1.7095437886223802e-17,,
7314.926114928396,3.0457186313580926e-17,,
7313.985352322053,2.94231365141955e-17,,
7314.017997081263,2.867664227637443e-17,,
7312.847903783964,2.787637514854083e-17,,
7312.881793470433,2.710141291012488e-17,,
7312.914991530646,2.634226622759498e-17,,
7312.948189590861,2.558311954506507e-17,,
7312.980004398566,2.485560397430725e-17,,
7310.0032449993605,2.4033195068233187e-17,,
7310.036443059575,2.3274048385703287e-17,,
7310.067796783111,2.2557076518869496e-17,,
7308.590944187748,2.18822794677318e-17,,
7308.6241422479625,2.11231327852019e-17,,
7308.657340308177,2.036398610267199e-17,,
7308.690538368392,1.960483942014209e-17,,
7316.2623089075205,3.4000509844412845e-17,,
7315.639169021722,3.2940516143250706e-17,,
7315.672367081937,3.2181369460720806e-17,,
7314.195883353911,3.14981374464439e-17,,
7316.063550891461,3.701460333949453e-17,,
7317.016335219609,3.5894861982762913e-17,,
7317.049533279822,3.5135715300233013e-17,,
7332.860386107332,2.9530682294220563e-17,,
7331.64492212774,2.861970627518468e-17,,
7330.926322449353,2.78289284808827e-17,,
7327.940525800423,2.7213176171719555e-17,,
7331.990781363387,2.6451920748404854e-17,,
7331.022596823975,2.562740310154599e-17,,
7331.053581680175,2.4918866197851414e-17,,
7329.579034505661,2.4191350627093583e-17,,
7329.612232565874,2.3432203944563683e-17,,
7329.865960597512,2.2551051545198628e-17,,
7338.870970359248,3.4045879721904106e-17,,
7337.932219756554,3.2965821032668386e-17,,
7337.965417816768,3.2206674350138474e-17,,
7337.9986158769825,3.1447527667608574e-17,,
7338.0318139371975,3.0688380985078674e-17,,
7339.870433172059,2.99798440813841e-17,,
7340.098823530755,4.0066654168702706e-17,,
7340.511340167861,3.828828277351691e-17,,
7339.54509218196,3.741948157017714e-17,,
7339.578290242174,3.666033488764723e-17,,
7339.611488302389,3.590118820511733e-17,,
7339.644686362602,3.514204152258743e-17,,
7340.88574051361,4.120888876047224e-17,,
7339.477589459524,3.896307982465461e-17,,
7340.851159200887,4.199966655477422e-17,,
7345.936456507863,2.905199813606976e-17,,
7345.2215455028345,2.8176870710375574e-17,,
7351.434977447672,2.732283069252944e-17,,
7352.072795179537,2.6516237342341412e-17,,
7352.10737649226,2.572545954803943e-17,,
7352.141266178729,2.4950497309623483e-17,,
7353.377617271206,2.4235634183574505e-17,,
7353.41081533142,2.3476487501044593e-17,,
7353.444013391634,2.2717340818514693e-17,,
7354.678427930598,2.2046761248946612e-17,,
7348.748147774337,3.3649053046945295e-17,,
7348.781345834552,3.288990636441538e-17,,
7348.814543894765,3.213075968188548e-17,,
7356.390617886145,3.1118564105178953e-17,,
7354.922064805836,3.025398038340878e-17,,
7357.962453820453,2.9621358147967195e-17,,
7356.816198574725,2.1386725383302558e-17,,
7355.346815542911,2.054112032859564e-17,,
7355.378907001117,1.9807278535483407e-17,,
7354.81509327848,1.892160740586518e-17,,
7352.432210289773,1.829742013356281e-17,,
7369.040769469706,2.889735714518405e-17,,
7368.580761163128,2.793436552012297e-17,,
7371.130095537075,2.7048694390504757e-17,,
7370.166429622524,2.612084844519042e-17,,
7369.596529588847,2.537435420736935e-17,,
7370.836477137847,2.4577250190712953e-17,,
7373.280131020114,2.381177728582864e-17,,
7373.313329080328,2.3052630603298727e-17,,
7373.346527140542,2.2293483920768827e-17,,
7369.9275880226505,3.15824870778361e-17,,
7369.960786082865,3.08233403953062e-17,,
7371.504034798654,2.99798440813841e-17,,
7376.395676754382,2.1460531310770736e-17,,
7375.680765749353,2.058540388507655e-17,,
7382.499508992096,1.9668101643686252e-17,,
7382.53270705231,1.8908954961156352e-17,,
7382.565905112524,1.814980827862644e-17,,
7382.599103172739,1.739066159609654e-17,,
7383.835730915717,1.6669472247693136e-17,,
7384.172783443725,1.5851280823188685e-17,,
7384.205981503939,1.5092134140658785e-17,,
7383.163470196379,1.4326962484458018e-17,,
7384.271455456028,1.3594928183447028e-17,,
7385.212343812598,1.2747214387955296e-17,,
7382.825956584202,1.2203159265475542e-17,,
7400.838670755417,2.3499984898361006e-17,,
7400.449146848905,2.256551148200871e-17,,
7401.778492031481,2.1692492797099323e-17,,
7402.327603756024,2.094599855927825e-17,,
7402.360801816238,2.018685187674835e-17,,
7402.0946640335205,1.938342163773754e-17,,
7402.126478841226,1.865590606697971e-17,,
7403.6651167153195,1.7917846792297865e-17,,
7403.6983147755345,1.7158700109767953e-17,,
7401.474966909523,1.6331019351731882e-17,,
7401.865505201209,2.4623642487978663e-17,,
7411.29951785416,1.5571872669201982e-17,,
7412.8480690379,1.460712376015357e-17,,
7412.8877222764895,1.37003652226873e-17,,
7414.732612256059,1.2848433945625968e-17,,
7412.695911261919,1.808654605508229e-17,,
7412.729109322133,1.732739937255239e-17,,
7412.762307382347,1.6568252690022477e-17,,
7420.635026161777,1.1904101481448604e-17,,
7420.5382613612655,1.0985361462250488e-17,,
7431.516444898346,1.484752020962137e-17,,
7430.956688716402,1.3869064485471711e-17,,
7429.484446962736,1.3088830395093757e-17,,
7438.986762947907,1.8132554944932585e-17,,
7438.0481632454885,1.704904558895808e-17,,
7438.381527100139,1.6315203795845847e-17,,
7439.916476300875,1.566149415255622e-17,,
7439.732964801357,1.985788831431873e-17,,
7438.254267869317,1.9225266078877145e-17,,
7439.694233731108,2.0743559443936945e-17,,
7451.503060399797,1.4796910430786047e-17,,
7452.05082839333,1.3753083742307424e-17,,
7458.920521436819,1.7411749003944594e-17,,
7456.4495713717115,1.6504990466478325e-17,,
7456.482769431925,1.5745843783948425e-17,,
7457.780413980019,1.2863898044714521e-17,,
7455.137418041744,1.2063982373678387e-17,,
7466.066403897925,1.4754735615089926e-17,,
7465.599786718247,1.3942870412939902e-17,,
7471.364261007105,1.9910606833938854e-17,,
7469.902624189341,1.8887867553308298e-17,,
7468.428538098997,1.814980827862644e-17,,
7468.972156335005,1.7200874925464062e-17,,
7466.985805732189,1.6694777137110803e-17,,
7467.019003792403,1.593563045458089e-17,,
7477.927443737983,2.1392629857500026e-17,,
7480.291311615534,2.2451639479629223e-17,,
7480.255347050303,2.3274048385703287e-17,,
7486.712978393065,2.02804799675937e-17,,
7487.213798796447,1.9162003855332982e-17,,
7487.864619101896,2.1502706126466845e-17,,
7489.503773324972,1.8466119396347233e-17,,
7491.052555050797,1.7496098635336812e-17,,
7490.33579970909,1.6663146025338722e-17,,
7492.629923995141,1.587236823103674e-17,,
7494.1667175325565,1.517648377205099e-17,,
7494.199915592771,1.441733708952109e-17,,
7494.223430885422,1.387960818939574e-17,,
7496.517555171474,1.3088830395093757e-17,,
7503.3349151617085,1.2203159265475542e-17,,
7511.4048102987745,1.1380750359401479e-17,,
7509.432292221048,1.0558341453327415e-17,,
7522.2435817437035,2.2695650913299558e-17,,
7520.994899943147,2.1724123908871405e-17,,
7518.017679459773,2.091225870672137e-17,,
7518.050877519987,2.015311202419147e-17,,
7518.084075580201,1.939396534166157e-17,,
7518.879215230748,1.8434488284575163e-17,,
7518.165226394058,1.753827345103291e-17,,
7518.198424454273,1.677912676850301e-17,,
7518.231622514486,1.6019980085973097e-17,,
7518.261131901343,1.5345183034835427e-17,,
7516.787045810999,1.460712376015357e-17,,
7516.820243871213,1.3847977077623669e-17,,
7516.853441931427,1.3088830395093757e-17,,
7515.37197849437,1.2519470383196335e-17,,
7525.986052246032,2.6586688454924677e-17,,
7525.347073420395,2.554094472936896e-17,,
7525.079644602002,2.476703686134542e-17,,
7525.112842662216,2.400789017881552e-17,,
7523.93800019797,2.3316223201399396e-17,,
7525.749534031324,3.110048918416634e-17,,
7526.6565524621765,3.004310630492825e-17,,
7525.183388540172,2.928395962239835e-17,,
7526.724608485615,2.848685560574195e-17,,
7526.757806545829,2.7727708923212052e-17,,
7535.023385804491,2.243055207178118e-17,,
7536.071891206256,2.141835649507464e-17,,
7536.10508926647,2.065920981254474e-17,,
7536.138287326684,1.990006313001484e-17,,
7536.171485386898,1.914091644748494e-17,,
7536.203576845105,1.8407074654372683e-17,,
7536.236037170648,1.7664797898121224e-17,,
7535.874547181649,2.5931061774557943e-17,,
7535.907745241863,2.5171915092028043e-17,,
7535.940943302077,2.4412768409498143e-17,,
7535.974141362291,2.3653621726968243e-17,,
7537.779285886438,1.6821301584199118e-17,,
7537.812483946653,1.6062154901669218e-17,,
7538.605779260521,1.514485266027891e-17,,
7540.891604031518,1.4543861536609406e-17,,
7546.660043644236,1.3531665959902876e-17,,
7546.995436269232,1.2751431869524922e-17,,
7548.5318609393125,1.2063982373678387e-17,,
7562.013178216543,1.380053040996554e-17,,
7563.468590398015,1.496560969357047e-17,,
7571.177226088167,1.9533669418654908e-17,,
7570.539408356302,1.8617948732853228e-17,,
7569.372496539773,1.7744930047943828e-17,,
7570.90652357217,1.7112307812502243e-17,,
7569.426720038124,1.6504990466478325e-17,,
7564.938065646663,1.5809106007492576e-17,,
7572.982370612313,2.1312919455834367e-17,,
7570.761558709235,2.0427248326216152e-17,,
7572.176626025865,2.2514901703173387e-17,,
7581.358656180106,1.9225266078877145e-17,,
7582.906515737593,1.8276332725714767e-17,,
7582.939713797807,1.7517186043184855e-17,,
7582.970145353003,1.6821301584199118e-17,,
7584.517082742151,1.5893455638884782e-17,,
7583.800096858357,1.506577488084871e-17,,
7586.857776529336,1.4037763748256135e-17,,
7591.266617251031,1.3114135284511425e-17,,
7598.536439136934,1.2215811710184382e-17,,
7599.783579598981,1.1254225912313164e-17,,
7604.650968527385,1.0178768112062471e-17,,
7611.418116451545,9.293096982444244e-18,,
7607.936930970753,8.523406595990317e-18,,
7610.782650248944,7.749498727966776e-18,,
7626.601249290505,1.1153006354642517e-17,,
7624.435444728864,1.0157680704214417e-17,,
7628.370337032585,1.2034460002691119e-17,,
7636.61627410562,9.482883653076722e-18,,
7635.969465232447,1.0495079229783264e-17,,
7646.472627282939,8.309656961894144e-18,,
7643.628534374362,7.585016946751966e-18,,
7654.8314964441415,9.751748103139399e-18,,
7662.144199157822,1.1317488135857327e-17,,
7661.078264774445,1.04318170062391e-17,,
7664.518413764141,1.2139897041931379e-17,,
7673.622981777882,1.0621603676871579e-17,,
7679.469594918102,9.790157310291208e-18,,
7679.712059322168,9.16657253535593e-18,,
7696.199836406045,1.1046364320668071e-17,,
7690.212329117414,1.0178768112062471e-17,,
7706.515343187599,1.6283572684073766e-17,,
7705.057395043192,1.517648377205099e-17,,
7705.090593103407,1.441733708952109e-17,,
7705.12379116362,1.3658190406991191e-17,,
7705.156989223835,1.2899043724461291e-17,,
7705.190187284048,1.2139897041931379e-17,,
7705.21508582921,1.1570537030033957e-17,,
7708.334043586332,2.291977993385601e-17,,
7707.776869475738,2.18822794677318e-17,,
7707.810067535951,2.11231327852019e-17,,
7707.843265596166,2.036398610267199e-17,,
7707.87646365638,1.960483942014209e-17,,
7707.909661716594,1.884569273761219e-17,,
7707.942859776808,1.808654605508229e-17,,
7707.976057837022,1.732739937255239e-17,,
7714.261557237576,3.10643393421411e-17,,
7713.4468215098195,3.001147519315618e-17,,
7713.480019570034,2.9252328510626266e-17,,
7713.513217630248,2.8493181828096366e-17,,
7713.544340811699,2.778148181322458e-17,,
7713.579152666507,2.6985432166960594e-17,,
7713.61235072672,2.6226285484430694e-17,,
7713.645548786935,2.5467138801900794e-17,,
7713.674136005453,2.481342915861114e-17,,
7709.186403782332,2.409645729177735e-17,,
7716.653969299123,4.0875004802878067e-17,,
7716.031567147996,3.97981411754375e-17,,
7716.06476520821,3.90389944929076e-17,,
7716.097963268425,3.82798478103777e-17,,
7716.131161328638,3.75207011278478e-17,,
7717.671274672075,3.674890200060906e-17,,
7717.703550563951,3.60108427259272e-17,,
7718.039496489951,3.521795619084042e-17,,
7718.071587948158,3.4484114397728186e-17,,
7717.804066912931,3.3712315270489446e-17,,
7717.837264973146,3.2953168587959546e-17,,
7717.87046303336,3.2194021905429646e-17,,
7725.438237509687,3.137161299935558e-17,,
7725.471435569901,3.061246631682568e-17,,
7727.010995612333,2.985331963429578e-17,,
7727.044193672547,2.909417295176587e-17,,
7727.0773917327615,2.833502626923597e-17,,
7727.110589792976,2.757587958670607e-17,,
7727.143787853191,2.681673290417617e-17,,
7727.176985913404,2.6057586221646258e-17,,
7727.210183973619,2.5298439539116358e-17,,
7728.753432689409,2.4454943225194252e-17,,
7728.786630749622,2.3695796542664352e-17,,
7731.83854686848,2.2799581709122098e-17,,
7731.871744928694,2.2040435026592198e-17,,
7731.904942988908,2.1281288344062298e-17,,
7731.938141049122,2.0522141661532385e-17,,
7731.971339109337,1.9762994979002485e-17,,
7730.801937438292,1.8946912295282836e-17,,
7737.563367918749,1.819198309432256e-17,,
7736.29455650073,1.7352704261970057e-17,,
7736.3277545609435,1.6593557579440157e-17,,
7735.15743072156,1.579856230356855e-17,,
7740.782064768682,1.5122259009013147e-17,,
7740.823167128948,1.4182363116357064e-17,,
7738.271500986484,1.3481056181067553e-17,,
7738.912776849622,1.2595385051449326e-17,,
7740.604494668037,1.1801444145970137e-17,,
7751.27370570304,3.000093148923214e-17,,
7750.528066731562,2.8461550716324285e-17,,
7749.7129357888025,2.7417724027845674e-17,,
7749.7461338490175,2.6658577345315774e-17,,
7749.777257030468,2.594687733044399e-17,,
7749.809302380258,2.5214089907724152e-17,,
7749.842500440473,2.4454943225194252e-17,,
7749.875698500686,2.3695796542664352e-17,,
7749.908896560901,2.2936649860134452e-17,,
7749.942094621115,2.217750317760454e-17,,
7745.458051071351,2.137618167937853e-17,,
7745.491249131565,2.061703499684863e-17,,
7745.5244471917795,1.985788831431873e-17,,
7745.5576452519945,1.9098741631788818e-17,,
7753.407603240141,3.478777307074014e-17,,
7752.439879784897,3.395271171995725e-17,,
7752.473077845111,3.319356503742735e-17,,
7754.01208458654,3.2447070799606275e-17,,
7754.5506308966815,3.1614118189608184e-17,,
7752.5693522197325,3.0992039658090626e-17,,
7754.633164963047,1.8244701613942685e-17,,
7747.141469374712,1.732739937255239e-17,,
7747.174667434927,1.6568252690022477e-17,,
7752.370163858447,3.554691975327005e-17,,
7763.159533428059,2.9948212969612015e-17,,
7763.191348235763,2.92206973988542e-17,,
7763.224546295978,2.8461550716324285e-17,,
7763.257744356192,2.7702404033794385e-17,,
7763.290942416406,2.6943257351264485e-17,,
7763.32414047662,2.6184110668734585e-17,,
7763.3573385368345,2.5424963986204672e-17,,
7763.3905365970495,2.4665817303674772e-17,,
7763.423734657263,2.3906670621144872e-17,,
7763.456932717478,2.3147523938614972e-17,,
7763.490130777691,2.2388377256085072e-17,,
7765.031535156803,2.158705575785905e-17,,
7765.064733217017,2.082790907532915e-17,,
7765.0979312772315,2.006876239279925e-17,,
7765.131129337446,1.930961571026935e-17,,
7765.164327397661,1.855046902773945e-17,,
7768.82644230662,1.747922870905837e-17,,
7768.259585428463,1.6663146025338722e-17,,
7776.326867755235,1.5900484774834134e-17,,
7778.563986668446,1.5265050885012822e-17,,
7787.682294990443,2.032181128697588e-17,,
7786.223885761867,1.9225266078877145e-17,,
7786.25708382208,1.8466119396347233e-17,,
7786.290281882295,1.7706972713817333e-17,,
7786.323479942509,1.6947826031287433e-17,,
7793.902666252034,2.4476030633042294e-17,,
7793.783163115639,2.351805981937362e-17,,
7793.297839092507,2.2805907931476512e-17,,
7792.1255325911925,2.2056250582478232e-17,,
7789.144392892375,2.1334006863682422e-17,,
7788.3808375074495,1.583019341534063e-17,,
7794.089849957616,2.634678495784814e-17,,
7793.4887279387385,2.533007065088844e-17,,
7794.902412002859,2.7449355139617755e-17,,
7813.189010170841,2.26414261502617e-17,,
7811.72506793223,2.167140538925128e-17,,
7811.758265992444,2.091225870672137e-17,,
7812.868886018776,2.0119974669001667e-17,,
7810.320144467332,1.935179052596546e-17,,
7810.353342527546,1.859264384343556e-17,,
7811.897052327506,1.7738603825589414e-17,,
7811.629807942782,1.6960478475996273e-17,,
7821.0409661903905,2.6802674632277467e-17,,
7820.581572662704,2.5825624735317683e-17,,
7820.6147707229175,2.506647805278777e-17,,
7820.866061595373,2.424105665987828e-17,,
7820.679322506668,2.359035950342408e-17,,
7821.910071426484,2.989285852401088e-17,,
7821.956064572405,2.884112405758924e-17,,
7821.98926263262,2.808197737505934e-17,,
7822.016927682798,2.7449355139617755e-17,,
7830.055837963664,2.2742645707932348e-17,,
7831.302240691039,2.1797929836339596e-17,,
7834.344474042333,2.11231327852019e-17,,
7834.377672102548,2.036398610267199e-17,,
7834.410870162761,1.960483942014209e-17,,
7833.240638540212,1.8807735403485706e-17,,
7841.219239011688,2.4665817303674772e-17,,
7838.750133283258,2.3716883950512394e-17,,
7841.014056556198,1.787567197660177e-17,,
7837.545781432154,1.681075788027508e-17,,
7840.591242372637,1.6062154901669218e-17,,
7839.620660195542,1.5292464515215278e-17,,
7840.647494641333,1.4775823022937993e-17,,
7850.776407246349,3.1169173884014277e-17,,
7850.519537255443,3.015381519613053e-17,,
7849.044759538844,2.943157147733472e-17,,
7849.077957599058,2.867242479480482e-17,,
7849.111155659273,2.7913278112274905e-17,,
7849.144353719486,2.7154131429745005e-17,,
7849.177551779701,2.6394984747215105e-17,,
7849.210749839915,2.5635838064685205e-17,,
7847.8298027518385,2.2767950597350016e-17,,
7847.863000812053,2.2008803914820116e-17,,
7847.896198872268,2.1249657232290216e-17,,
7847.929396932481,2.0490510549760316e-17,,
7847.962594992696,1.9731363867230404e-17,,
7848.5071353970425,1.8761343106219983e-17,,
7856.643611088204,3.478777307074014e-17,,
7856.383375182859,3.38493834215018e-17,,
7856.92099932466,3.303751821935175e-17,,
7854.948020162765,3.222565301720173e-17,,
7856.483430447671,3.156139966998806e-17,,
7850.747082293161,2.4950497309623483e-17,,
7849.269768613629,2.4286243962409828e-17,,
7849.302966673844,2.3527097279879916e-17,,
7854.719783498792,3.744478645959481e-17,,
7854.752981559006,3.6685639777064895e-17,,
7856.295308106457,3.5863230870990844e-17,,
7867.6731132933655,3.0587161427408015e-17,,
7868.1124342901985,2.9726795187207455e-17,,
7866.920070627506,3.402862638821024e-17,,
7866.953268687721,3.326947970568034e-17,,
7868.495595235171,3.2447070799606275e-17,,
7868.528793295385,3.1687924117076375e-17,,
7870.764959301313,2.877786183404508e-17,,
7873.227702068202,2.757587958670607e-17,,
7873.260900128416,2.681673290417617e-17,,
7872.544375328794,2.597850844221606e-17,,
7877.856756589318,2.5061206200825763e-17,,
7878.650743529441,2.4128088403549432e-17,,
7881.703581816637,2.3210786162159123e-17,,
7887.30699940504,2.2527554147882214e-17,,
7891.576546599086,2.134455056760645e-17,,
7898.856604553556,2.0212156766166006e-17,,
7897.697438951078,1.9162003855332982e-17,,
7897.735247852988,1.829742013356281e-17,,
7903.1342360900435,1.7313341100653686e-17,,
7902.340095455198,1.633629120369389e-17,,
7902.373293515412,1.557714452116399e-17,,
7903.903401332367,1.5034143769076642e-17,,
7902.4281625316,1.4322443754204858e-17,,
7902.461360591813,1.3563297071674946e-17,,
7902.494558652028,1.2804150389145046e-17,,
7904.031813273612,1.209772222623527e-17,,
7913.3219676656345,3.217029857160058e-17,,
7909.223621023776,3.116073892087506e-17,,
7912.878358586022,3.0258197864978394e-17,,
7909.290017144204,2.964244555581525e-17,,
7909.323215204418,2.888329887328535e-17,,
7909.356413264633,2.812415219075545e-17,,
7909.389611324847,2.736500550822555e-17,,
7909.422809385062,2.6605858825695637e-17,,
7909.456007445275,2.5846712143165737e-17,,
7909.48920550549,2.5087565460635837e-17,,
7909.522403565704,2.4328418778105937e-17,,
7909.5528351208995,2.3632534319120188e-17,,
7908.0842820405915,2.2767950597350016e-17,,
7908.117480100806,2.2008803914820116e-17,,
7908.150678161021,2.1249657232290216e-17,,
7914.858415389923,4.0093892070506446e-17,,
7917.148232730662,3.7835862023322325e-17,,
7916.51105632496,3.674890200060906e-17,,
7916.544254385174,3.598975531807916e-17,,
7916.795018304292,3.51763838725114e-17,,
7916.309931410163,3.445880950831052e-17,,
7916.343129470377,3.369966282578062e-17,,
7917.428844364631,3.298479969973163e-17,,
7909.701304223525,2.0237461655583674e-17,,
7909.734502283739,1.9478314973053774e-17,,
7909.767700343953,1.8719168290523874e-17,,
7917.919484029547,3.8988384714072275e-17,,
7926.266214102066,3.1835535972012744e-17,,
7927.309186493794,3.094986484239452e-17,,
7927.342384554009,3.019071815986462e-17,,
7927.375582614222,2.943157147733472e-17,,
7927.408780674437,2.867242479480482e-17,,
7927.4419787346515,2.7913278112274905e-17,,
7927.4664161956425,2.735446180430151e-17,,
7927.058356705509,3.6685639777064895e-17,,
7927.091554765724,3.5926493094534995e-17,,
7927.124752825937,3.5167346412005095e-17,,
7927.157950886152,3.4408199729475195e-17,,
7927.191148946366,3.3649053046945295e-17,,
7927.2243470065805,3.288990636441538e-17,,
7929.004592985566,2.6626946233543692e-17,,
7929.037791045781,2.5867799551013792e-17,,
7930.58196192991,2.500321582924362e-17,,
7929.864976046118,2.4175535071207548e-17,,
7932.161175210933,2.333731060924745e-17,,
7932.194373271146,2.2578163926717538e-17,,
7933.740388491955,2.167140538925128e-17,,
7933.773586552169,2.091225870672137e-17,,
7933.806784612383,2.015311202419147e-17,,
7933.839982672597,1.939396534166157e-17,,
7933.873180732811,1.863481865913167e-17,,
7933.906378793025,1.787567197660177e-17,,
7933.9395768532395,1.7116525294071856e-17,,
7937.744673963206,1.6220310460529614e-17,,
7936.279809556255,1.5271377107367236e-17,,
7943.85277122949,1.4330351532147876e-17,,
7949.589168785875,1.3558778341421786e-17,,
7959.381740249889,2.091225870672137e-17,,
7957.923331021313,1.981571349862262e-17,,
7957.956529081526,1.905656681609271e-17,,
7957.989727141741,1.829742013356281e-17,,
7958.022925201954,1.753827345103291e-17,,
7958.056123262169,1.677912676850301e-17,,
7958.0893213223835,1.6019980085973097e-17,,
7958.122519382598,1.5260833403443197e-17,,
7958.154795274473,1.4522774128761364e-17,,
7965.761761905218,2.4286243962409828e-17,,
7964.39178862038,2.3463835056335765e-17,,
7960.810640091608,2.268360096595781e-17,,
7960.843838151823,2.192445428342791e-17,,
7958.206436701472,1.3341879289270398e-17,,
7965.805630770501,2.6563684009999528e-17,,
7965.205694396631,2.5519857321520917e-17,,
7960.707357237608,2.5045390644939728e-17,,
7985.2203207613875,2.4254612850637747e-17,,
7983.383015616408,2.3210786162159123e-17,,
7983.416213676623,2.2451639479629223e-17,,
7983.449411736837,2.1692492797099323e-17,,
7983.482609797051,2.0933346114569423e-17,,
7983.515807857265,2.0174199432039523e-17,,
7986.064681147043,1.9299072006345336e-17,,
7983.58635373522,1.8561012731663478e-17,,
7983.619551795435,1.7801866049133578e-17,,
7983.657821781515,1.692673862343939e-17,,
7992.98442278131,2.5988572886870826e-17,,
7993.848704098931,2.5013759533167647e-17,,
7992.846636459966,2.82446516641729e-17,,
7993.749939869795,2.7272220913694105e-17,,
7987.738877767011,2.6943257351264485e-17,,
7993.659198505209,2.934722184594251e-17,,
7998.713603172819,2.3995237734106703e-17,,
7999.2122657022865,2.2926106156210412e-17,,
8001.506389988337,2.213532836190843e-17,,
8001.539588048552,2.137618167937853e-17,,
8003.079148090985,2.061703499684863e-17,,
8003.112346151199,1.985788831431873e-17,,
8009.170992140289,1.9098741631788818e-17,,
8009.2069567055205,1.8276332725714767e-17,,
8009.240154765735,1.7517186043184855e-17,,
8010.480102314735,1.672008202652847e-17,,
8009.310700643689,1.5903999342808822e-17,,
8013.860679229712,1.5197571179899046e-17,,
8014.972353162718,1.438118724749585e-17,,
8014.831261406807,1.3670842851700019e-17,,
8026.174239369436,2.0673268084443442e-17,,
8025.714231062857,1.971027645938236e-17,,
8026.250603690483,2.22076280459589e-17,,
8021.122293817396,2.137618167937853e-17,,
8027.254252189459,1.8940586072928422e-17,,
8029.095914579841,1.816246072333528e-17,,
8029.127452737044,1.7441271374931863e-17,,
8030.3633427453515,1.6736951952806912e-17,,
8030.396540805566,1.5977805270277012e-17,,
8035.705925018989,1.5129037104392875e-17,,
8040.117670570951,1.4138983305926782e-17,,
8038.807868770251,1.3088830395093757e-17,,
8039.397825965307,1.6821301584199118e-17,,
8039.431024025522,1.6062154901669218e-17,,
8047.886154986323,1.217152815370346e-17,,
8046.8762423295575,1.1153006354642517e-17,,
8046.133870468767,1.0413742085226486e-17,,
8045.731278119503,9.778107362949473e-18,,
8062.1473500280845,1.3297595732789477e-17,,
8062.0969996367585,1.4448968201293173e-17,,
8067.151799519372,1.2040484976361986e-17,,
8064.508008759814,1.0985361462250488e-17,,
8078.355288542489,1.0094418480670266e-17,,
8075.788432970095,1.1380750359401479e-17,,
8082.919868127216,9.054106360166318e-18,,
8101.849601864487,9.633131433994101e-18,,
8102.952745740355,1.0242030335606622e-17,,
8113.044956045467,9.103310311811779e-18,,
8118.103510470605,8.249270293965633e-18,,
8128.685392163878,7.395230276119488e-18,,
8147.825457129867,7.67539155181504e-18,,
8162.853573470992,6.846957672070108e-18,,
8178.425215831292,6.711998261842579e-18,,
8187.4307429653945,7.458492499663652e-18,,
8200.96817418607,7.911871768396786e-18,,
8216.059228516351,7.28452138491722e-18,,
8231.153510435819,6.583365073969464e-18,,
8249.219710370715,6.815326560298039e-18,,
8267.288215726456,6.99456952700649e-18,,
8271.766265182014,7.93295917624484e-18,,
8275.895273921155,9.963676552012325e-18,,
8275.48859768353,8.929339197065335e-18,,
8279.087820711753,1.2740888165600895e-17,,
8277.629872567346,1.163379925357812e-17,,
8277.659381954203,1.0959002202440413e-17,,
8281.0636585955,1.578380111807491e-17,,
8280.50427128089,1.4796910430786047e-17,,
8280.537469341105,1.4037763748256135e-17,,
8277.541344406774,1.3658190406991191e-17,,
8283.954656339152,1.8567338954017892e-17,,
8283.397113361221,1.753827345103291e-17,,
8283.429389253097,1.6800214176351064e-17,,
8286.302865798303,1.9984412761407045e-17,,
8291.739509242545,2.1966629099124007e-17,,
8294.09389722957,2.094599855927825e-17,,
8297.884285754524,2.383075595289188e-17,,
8296.721062611352,2.2873387636590288e-17,,
8297.226608468782,2.6075661142658872e-17,,
8298.132441254626,2.5045390644939728e-17,,
8292.123592355856,2.4665817303674772e-17,,
8306.299164067317,2.2008803914820116e-17,,
8305.838540981844,2.1059870561657738e-17,,
8307.380867529295,2.0237461655583674e-17,,
8307.41314342117,1.949940238090183e-17,,
8310.464598455857,1.8613731251283602e-17,,
8312.00508066663,1.7833497160905647e-17,,
8313.544640709062,1.7074350478375747e-17,,
8313.577838769277,1.6315203795845847e-17,,
8313.61103682949,1.5556057113315947e-17,,
8312.896586908631,1.467038598369772e-17,,
8316.693845587713,1.395341411686393e-17,,
8316.727043647928,1.3194267434334029e-17,,
8316.760241708143,1.2435120751804129e-17,,
8319.806163732794,1.1675974069274229e-17,,
8319.090100017342,1.0827205903390091e-17,,
8326.906859945273,1.0052243664974157e-17,,
8330.312120232798,8.730766106496174e-18,,
8333.034668559809,7.711541393840281e-18,,
8339.067493835399,1.902493570432064e-17,,
8337.609545690992,1.7917846792297865e-17,,
8337.642743751207,1.7158700109767953e-17,,
8337.67594181142,1.6399553427238053e-17,,
8337.709139871635,1.5640406744708153e-17,,
8337.74233793185,1.4881260062178253e-17,,
8337.775535992063,1.412211337964834e-17,,
8337.808734052278,1.336296669711844e-17,,
8337.841932112491,1.260382001458854e-17,,
8337.875130172706,1.184467333205864e-17,,
8337.90832823292,1.108552664952874e-17,,
8340.919761161684,2.4893561308433746e-17,,
8340.362218183753,2.3864495805448763e-17,,
8340.395416243966,2.3105349122918863e-17,,
8340.42861430418,2.2346202440388963e-17,,
8340.461812364396,2.158705575785905e-17,,
8340.495010424609,2.082790907532915e-17,,
8340.528208484822,2.006876239279925e-17,,
8339.454343453728,1.0178768112062471e-17,,
8339.487541513943,9.419621429532571e-18,,
8347.139725132258,2.9631198938296285e-17,,
8347.380656980367,2.8714599610500926e-17,,
8347.413301739578,2.7968105372679854e-17,,
8346.244730020038,2.7133044021896963e-17,,
8346.277928080253,2.6373897339367063e-17,,
8347.312600956928,2.5678012880381314e-17,,
8341.024335051357,8.723736970546822e-18,,
8346.085194897343,3.0781165579610106e-17,,
8358.215397232272,2.8967648504677555e-17,,
8358.248595292485,2.8208501822147655e-17,,
8358.2817933527,2.7449355139617755e-17,,
8359.835185920223,2.6373897339367063e-17,,
8359.868383980436,2.561475065683715e-17,,
8359.90158204065,2.485560397430725e-17,,
8361.443908588102,2.4033195068233187e-17,,
8361.477106648315,2.3274048385703287e-17,,
8361.51030470853,2.2514901703173387e-17,,
8361.543502768744,2.1755755020643487e-17,,
8360.825594716613,2.0949161670455458e-17,,
8365.242873278612,1.9832583424901063e-17,,
8364.683485964002,1.884569273761219e-17,,
8363.964886285616,1.8054914943310207e-17,,
8368.380643269857,1.69731309207051e-17,,
8367.821624822584,1.5977805270277012e-17,,
8367.104869480874,1.514485266027891e-17,,
8369.913102616078,1.4079938563952256e-17,,
8374.399056371687,1.3197279921169469e-17,,
8378.536068214627,1.2092450374273262e-17,,
8380.075397714976,1.133857554370537e-17,,
8391.185418389989,1.3170167539650535e-17,,
8391.96952495505,1.4923434877874362e-17,,
8391.997190005226,1.4290812642432776e-17,,
8392.706521891803,1.1848890813628254e-17,,
8399.976796478528,1.9708359422305268e-17,,
8399.037391974649,1.8643253622270883e-17,,
8399.066716927839,1.7972674052702802e-17,,
8393.36799324157,1.739066159609654e-17,,
8393.401191301786,1.663151491356664e-17,,
8393.434389361999,1.587236823103674e-17,,
8399.773045180395,2.3472872516842072e-17,,
8399.173504021528,2.242000836785714e-17,,
8400.715553918475,2.1603925684137492e-17,,
8400.74875197869,2.0844779001607592e-17,,
8418.857878849778,2.0095121652609325e-17,,
8417.390478479894,1.920417867102909e-17,,
8416.780332385122,1.8393819712296774e-17,,
8417.455260805727,1.772278826970338e-17,,
8422.869014714408,1.6947826031287433e-17,,
8420.541988779394,1.6030523789897136e-17,,
8420.574495213354,1.528719266325327e-17,,
8422.874844135695,1.4354074865976928e-17,,
8429.6994662016,2.1913910579503883e-17,,
8430.262380810109,2.1097827895784233e-17,,
8429.854439884477,2.4521217935573843e-17,,
8429.255096333109,2.3463835056335765e-17,,
8429.288294393324,2.2704688373805865e-17,,
8430.664630639705,2.5678012880381314e-17,,
8432.108192958018,2.0224809210874847e-17,,
8434.700269834491,1.9509946084825856e-17,,
8434.58698145401,1.865590606697971e-17,,
8437.030358685774,1.789675938444981e-17,,
8443.096382021578,1.6968913439135475e-17,,
8451.168121495322,1.6104329717365327e-17,,
8453.2177943241,1.51624255001523e-17,,
8455.949256945058,1.3939355844965214e-17,,
8456.849600633646,1.2487839271424253e-17,,
8465.681667903129,1.7200874925464062e-17,,
8466.256112909334,1.8827617816599574e-17,,
8461.118317876186,1.8213070502170603e-17,,
8468.740730826616,1.6141232681099416e-17,,
8471.038313243938,1.5271377107367236e-17,,
8473.337278913772,1.4369890421862975e-17,,
8478.801817950276,1.341779395752339e-17,,
8481.868765413064,1.2177854376057874e-17,,
8490.05181060536,1.1064439241680686e-17,,
8490.257607839743,1.0185797248011823e-17,,
8505.908648894056,1.2062576546488525e-17,,
8505.02321359362,1.3173180026485962e-17,,
8508.353229335939,1.0838502729022979e-17,,
8515.63506575792,1.163379925357812e-17,,
8520.203948794897,1.0495079229783264e-17,,
8520.992126074483,9.694812101949649e-18,,
8525.405254878955,8.673127191711499e-18,,
8533.12906023829,7.727356949726328e-18,,
8550.407820628268,8.742715637610064e-18,,
8542.910038728895,7.964590288016922e-18,,
8563.243850610084,8.012036955675039e-18,,
8568.544474224283,7.363599164347419e-18,,
8574.596203950829,6.762608040677903e-18,,
